Startup Name,Funding Rounds,Funding Amount (M USD),Valuation (M USD),Revenue (M USD),Employees,Market Share (%),Profitable,Year Founded,Industry_Cybersecurity,Industry_E-Commerce,Industry_EdTech,Industry_FinTech,Industry_Gaming,Industry_HealthTech,Industry_IoT,Region_Australia,Region_Europe,Region_North America,Region_South America,Exit Status_IPO,Exit Status_Private
Startup_1,-1.0,-0.37296884285593,-0.2527193770139275,0.3655883057752218,-0.44217540842648323,0.01356285863328125,0,0.0,0.0,0.0,0.0,0.0,0.0,0.0,1.0,0.0,1.0,0.0,0.0,0.0,0.0
Startup_2,-1.0,0.6222259954155702,1.396769020589509,0.5147375988497486,0.3368443680137575,0.6186750130412101,1,-0.1875,0.0,0.0,1.0,0.0,0.0,0.0,0.0,0.0,0.0,0.0,1.0,0.0,0.0
Startup_3,-1.0,-0.317616096442822,-0.10916636985534003,0.6788401629523124,1.047506448839209,-0.5268648930620761,1,-0.6875,0.0,0.0,1.0,0.0,0.0,0.0,0.0,0.0,0.0,0.0,1.0,0.0,0.0
Startup_4,1.0,-0.9865353595381612,-0.7495898987162699,-0.03297387970285164,-0.6180137575236457,-0.5435576421491914,0,-0.1875,0.0,0.0,0.0,0.0,1.0,0.0,0.0,0.0,0.0,0.0,1.0,0.0,0.0
Startup_5,0.5,0.6335002971389763,-0.2491342306232368,0.027797747423915702,-0.25429922613929495,-0.21804903495044337,0,-0.5625,0.0,0.0,0.0,0.0,0.0,0.0,1.0,0.0,1.0,0.0,0.0,0.0,-1.0
Startup_6,1.0,-0.353951948382715,0.21349011660086656,-0.6947519769949675,-0.44475494411006017,0.7981220657276997,1,-0.125,0.0,0.0,0.0,0.0,0.0,0.0,0.0,0.0,1.0,0.0,0.0,1.0,-1.0
Startup_7,0.5,0.5179047457339333,-0.12245013987756319,-0.19554277498202724,-0.46969045571797075,-1.0505998956703182,0,0.625,0.0,0.0,0.0,0.0,1.0,0.0,0.0,1.0,0.0,0.0,0.0,0.0,0.0
Startup_8,1.0,-0.3182273537651753,-0.3962322519367983,0.29849029475197714,0.3970335339638865,0.8106416275430359,1,-0.25,0.0,0.0,0.0,0.0,0.0,1.0,0.0,1.0,0.0,0.0,0.0,1.0,-1.0
Startup_9,1.0,0.6953731216571866,-0.19203943661029751,0.5609393721543255,-0.8811263972484953,-0.7334376630151277,0,0.875,0.0,0.0,0.0,0.0,1.0,0.0,0.0,0.0,0.0,1.0,0.0,0.0,-1.0
Startup_10,0.0,-0.6096612615671959,-0.34455530974561166,-0.5176132278936016,0.4980653482373173,0.9942618675013042,0,-0.6875,0.0,0.0,0.0,1.0,0.0,0.0,0.0,0.0,1.0,0.0,0.0,0.0,0.0
Startup_11,1.0,0.9262246370659649,0.2962695414724852,-0.6696381500119818,0.928847807394669,0.9212310902451749,0,-0.75,0.0,0.0,0.0,0.0,0.0,0.0,0.0,0.0,1.0,0.0,0.0,0.0,0.0
Startup_12,-0.5,0.5299940572204772,-0.009966171869643718,0.33625688952791766,-0.5647033533963887,-0.028169014084506994,0,0.3125,0.0,0.0,0.0,1.0,0.0,0.0,0.0,0.0,1.0,0.0,0.0,0.0,0.0
Startup_13,0.0,-0.8238050768316496,-0.7234236810289905,-0.9299784327821711,0.8454428202923474,0.009389671361502332,1,0.375,0.0,0.0,0.0,0.0,0.0,0.0,1.0,1.0,0.0,0.0,0.0,0.0,-1.0
Startup_14,1.0,0.09471092622463703,-0.33579979365342133,-0.5919961658279415,-0.5307394668959587,-0.055294731351069305,0,0.5,1.0,0.0,0.0,0.0,0.0,0.0,0.0,0.0,0.0,0.0,1.0,0.0,-1.0
Startup_15,-1.0,0.9482299006706852,1.1627378880076518,-0.8780254013898873,0.4911865864144454,0.26186750130412095,1,0.5625,0.0,0.0,0.0,1.0,0.0,0.0,0.0,0.0,0.0,0.0,0.0,0.0,-1.0
Startup_16,-0.5,-0.09797096527718811,0.24841853908628936,-0.6140426551641505,-0.279664660361135,-0.8628064684402711,1,-0.75,0.0,0.0,0.0,0.0,0.0,1.0,0.0,1.0,0.0,0.0,0.0,0.0,0.0
Startup_17,-0.5,-0.6857288394600561,-0.5317521232460959,-0.5864366163431584,-0.07846087704213242,-0.9838288993218569,0,0.5625,0.0,0.0,0.0,0.0,1.0,0.0,0.0,0.0,1.0,0.0,0.0,0.0,0.0
Startup_18,-0.5,-0.07005688088971898,0.035771199435473224,-0.1911334771147855,-0.6799226139294927,-0.9316640584246217,1,0.1875,1.0,0.0,0.0,0.0,0.0,0.0,0.0,1.0,0.0,0.0,0.0,0.0,0.0
Startup_19,0.0,-0.013753289752950206,0.3390237499226619,-0.1631440210879463,0.7947119518486673,-0.1324986958789775,0,-0.6875,0.0,0.0,0.0,0.0,1.0,0.0,0.0,0.0,0.0,1.0,0.0,0.0,-1.0
Startup_20,1.0,0.4525681297223873,-0.33994010263819274,0.7407620416966211,0.9223989681857265,-0.480959833072509,0,-0.6875,0.0,0.0,0.0,1.0,0.0,0.0,0.0,0.0,1.0,0.0,0.0,0.0,0.0
Startup_21,1.0,0.3653620850666442,0.14737225825762562,0.043326144260723794,0.6524075666380051,0.23474178403755866,1,0.0625,0.0,0.0,0.0,0.0,1.0,0.0,0.0,0.0,0.0,1.0,0.0,0.0,0.0
Startup_22,-1.0,-0.23733763477374986,0.37071483872693856,0.45185717709082207,-0.13865004299226139,1.0005216484089723,0,-0.8125,0.0,0.0,0.0,0.0,0.0,0.0,1.0,0.0,1.0,0.0,0.0,0.0,0.0
Startup_23,-1.0,-0.6126496306987012,-0.37932989199412054,-0.7342439491972201,-0.13736027515047292,-0.2535211267605633,0,0.0,1.0,0.0,0.0,0.0,0.0,0.0,0.0,1.0,0.0,0.0,0.0,0.0,0.0
Startup_24,-0.5,0.25594702436539607,-0.033858229532977756,-0.5018931224538701,-1.0182717110920034,0.13458528951486706,0,-0.1875,0.0,0.0,0.0,0.0,0.0,0.0,1.0,0.0,0.0,0.0,1.0,0.0,0.0
Startup_25,-1.0,-0.19835300110365905,-0.03231982716383813,0.4125569134914928,0.28654342218400686,-0.1930099113197704,0,-0.1875,0.0,0.0,0.0,1.0,0.0,0.0,0.0,0.0,0.0,0.0,0.0,0.0,-1.0
Startup_26,0.0,-0.7870617200101877,-0.6268989654244067,-0.8323987538940809,-0.7336629406706793,0.7000521648408973,1,-0.25,0.0,0.0,0.0,0.0,0.0,0.0,1.0,0.0,0.0,1.0,0.0,0.0,-1.0
Startup_27,1.0,0.7757195008065204,0.8788692073716228,-0.001725377426311935,-0.0324591573516767,0.8127282211789253,1,-0.625,0.0,0.0,0.0,0.0,0.0,1.0,0.0,1.0,0.0,0.0,0.0,0.0,0.0
Startup_28,-0.5,0.3498768995670262,-0.1918922850793363,0.2143302180685358,-0.7289337919174549,0.7626499739175794,1,-0.125,0.0,0.0,0.0,1.0,0.0,0.0,0.0,0.0,0.0,0.0,1.0,1.0,-1.0
Startup_29,-1.0,0.333508786824009,-0.18768508903503703,0.2195063503474719,0.7224849527085124,0.9629629629629629,1,0.125,0.0,0.0,0.0,1.0,0.0,0.0,0.0,1.0,0.0,0.0,0.0,0.0,-1.0
Startup_30,0.0,0.6170642669156976,-0.03797847239989095,-0.8897196261682242,0.7147463456577816,-0.994261867501304,0,0.0,0.0,0.0,0.0,1.0,0.0,0.0,0.0,0.0,0.0,1.0,0.0,0.0,-1.0
Startup_31,0.0,0.021224212581713222,0.7019462462146105,-0.3167026120297147,-0.23882201203783318,0.683359415753782,0,0.125,0.0,0.0,0.0,0.0,0.0,0.0,0.0,0.0,0.0,0.0,0.0,0.0,-1.0
Startup_32,-1.0,0.6017828338568642,1.1120241194736655,0.2854541097531752,-0.1442390369733448,0.5018257694314032,0,0.1875,0.0,0.0,0.0,0.0,1.0,0.0,0.0,1.0,0.0,0.0,0.0,0.0,0.0
Startup_33,1.0,-0.042957806265387484,-0.3223153624526146,-0.6481667864845434,0.5655631986242476,-0.5790297339593113,0,0.9375,0.0,0.0,0.0,0.0,0.0,0.0,0.0,0.0,1.0,0.0,0.0,0.0,0.0
Startup_34,-1.0,-0.9195008065200782,-0.7451954189052928,0.39817876827222615,-0.5118228718830611,0.9254042775169536,0,0.4375,0.0,0.0,0.0,0.0,0.0,0.0,0.0,0.0,0.0,0.0,1.0,0.0,0.0
Startup_35,-0.5,-0.23183631887256978,0.14168016949180895,0.49499161274862225,0.718615649183147,-0.7438706311945746,1,0.0,0.0,0.0,0.0,0.0,0.0,1.0,0.0,1.0,0.0,0.0,0.0,0.0,0.0
Startup_36,-1.0,-0.04424823839035563,-0.33040200794952695,0.9470404984423677,0.278804815133276,0.35367762128325514,0,-0.625,1.0,0.0,0.0,0.0,0.0,0.0,0.0,0.0,0.0,0.0,1.0,0.0,0.0
Startup_37,0.0,0.4088292724339927,0.023122856478764303,-0.5317996645099449,0.3200773860705073,-0.5852895148669796,0,-1.0,0.0,0.0,0.0,0.0,1.0,0.0,0.0,0.0,1.0,0.0,0.0,0.0,0.0
Startup_38,-1.0,-0.839358179811529,-0.5020141365800311,0.646633117661155,-0.05997420464316423,-0.15962441314553982,0,0.9375,0.0,0.0,0.0,0.0,0.0,0.0,1.0,0.0,0.0,0.0,0.0,0.0,0.0
Startup_39,1.0,-0.7713048645895239,-0.645620653386241,0.06288042175892646,-0.24054170249355117,0.43505477308294205,1,-0.25,0.0,0.0,1.0,0.0,0.0,0.0,0.0,0.0,0.0,0.0,0.0,0.0,0.0
Startup_40,0.5,-0.5198064351812548,-0.23625178295818047,-0.2183560987299305,0.09866723989681857,0.11371935315597285,1,-0.6875,0.0,0.0,0.0,1.0,0.0,0.0,0.0,0.0,1.0,0.0,0.0,0.0,-1.0
Startup_41,-1.0,-0.5140334493590288,-0.025671253446773706,-0.6991612748622094,-0.9146603611349957,-0.16797078768909748,0,-0.1875,0.0,0.0,0.0,0.0,0.0,0.0,1.0,0.0,0.0,0.0,1.0,0.0,0.0
Startup_42,1.0,0.43321164784786487,0.283594443691965,0.47505391804457225,1.042347377472055,-0.3766301512780385,0,-0.125,0.0,0.0,0.0,1.0,0.0,0.0,0.0,1.0,0.0,0.0,0.0,0.0,0.0
Startup_43,1.0,-0.5461584175227099,-0.6554396737249235,-0.4819554277498202,-0.04363714531384351,0.683359415753782,1,-0.8125,0.0,0.0,0.0,0.0,0.0,1.0,0.0,0.0,1.0,0.0,0.0,0.0,0.0
Startup_44,0.0,0.23163256643178554,-0.06372330161214533,-0.22219027078840156,-0.664445399828031,-0.7543035993740218,0,-0.0625,0.0,0.0,0.0,1.0,0.0,0.0,0.0,0.0,0.0,1.0,0.0,0.0,0.0
Startup_45,1.0,-0.050700399015196566,0.4709250313115048,-0.8138030194104959,-0.4791487532244196,-0.1617110067814292,0,0.6875,0.0,0.0,0.0,0.0,0.0,0.0,0.0,0.0,0.0,0.0,1.0,0.0,0.0
Startup_46,1.0,0.10999235928347055,0.7228150087872874,0.6011981787682722,-0.45249355116079104,0.8169014084507044,1,-0.0625,0.0,0.0,0.0,0.0,1.0,0.0,0.0,0.0,0.0,0.0,0.0,0.0,0.0
Startup_47,1.0,0.6486458952372868,1.2383670862157476,0.5344835849508749,0.29600171969045574,0.6958789775691185,1,-0.8125,0.0,0.0,1.0,0.0,0.0,0.0,0.0,0.0,1.0,0.0,0.0,1.0,-1.0
Startup_48,1.0,-0.23360217335936836,-0.4633199726431926,0.4714114545890247,1.016981943250215,-0.2222222222222221,0,0.5625,0.0,1.0,0.0,0.0,0.0,0.0,0.0,0.0,0.0,0.0,0.0,0.0,0.0
Startup_49,-0.5,0.5119959249511843,1.1240169692470023,-0.360220464893362,-0.9249785038693035,0.5247782994261868,1,0.6875,0.0,0.0,0.0,1.0,0.0,0.0,0.0,0.0,0.0,0.0,1.0,0.0,0.0
Startup_50,-0.5,-0.1976738263010442,0.3726144312175285,-0.6013898873711957,0.2138865004299226,0.6499739175795514,1,0.9375,0.0,0.0,0.0,0.0,0.0,0.0,1.0,0.0,0.0,0.0,0.0,0.0,0.0
Startup_51,0.0,-0.33636132099499105,-0.09077242848519206,0.28737119578241077,-0.9069217540842648,0.7856025039123631,0,-0.9375,0.0,0.0,0.0,0.0,0.0,0.0,0.0,0.0,1.0,0.0,0.0,0.0,-1.0
Startup_52,-1.0,0.893827998981238,1.9313705325714898,0.016678648454349475,-0.4021926053310404,0.07407407407407415,1,0.875,0.0,1.0,0.0,0.0,0.0,0.0,0.0,0.0,0.0,0.0,1.0,0.0,0.0
Startup_53,1.0,-0.6811104508022753,-0.3361476063629659,-0.592187874430865,-0.9426053310404128,-0.6291079812206571,1,-0.875,0.0,0.0,1.0,0.0,0.0,0.0,0.0,0.0,0.0,1.0,0.0,0.0,0.0
Startup_54,-1.0,-0.8723660752186094,-0.6149061156510702,0.3799664509944885,-1.011822871883061,-0.5226917057902972,1,-0.5625,0.0,1.0,0.0,0.0,0.0,0.0,0.0,0.0,1.0,0.0,0.0,0.0,-1.0
Startup_55,-1.0,0.5121317599117073,0.7186680110965633,0.9644859813084112,-0.9172398968185727,-0.4392279603547209,1,0.4375,0.0,0.0,0.0,0.0,0.0,0.0,0.0,1.0,0.0,0.0,0.0,0.0,0.0
Startup_56,0.0,-0.9173274471517108,-0.7171429861393289,0.4974838245866284,1.0487962166809974,0.1763171622326553,0,-0.125,0.0,0.0,0.0,0.0,1.0,0.0,0.0,0.0,1.0,0.0,0.0,1.0,-1.0
Startup_57,1.0,0.6466083708294423,0.0075114167849731645,0.4834890965732087,-0.41680997420464316,-0.9838288993218569,0,0.875,0.0,0.0,0.0,0.0,1.0,0.0,0.0,0.0,0.0,0.0,1.0,0.0,0.0
Startup_58,1.0,-0.16683929026233127,0.0842241853574194,0.886460579918524,0.4146603611349957,0.26395409494001054,0,-0.5,1.0,0.0,0.0,0.0,0.0,0.0,0.0,0.0,1.0,0.0,0.0,0.0,0.0
Startup_59,0.5,0.8061465319636641,0.43485952881410916,-0.5450275581116701,-0.37166809974204645,-0.29733959311424096,0,-0.9375,0.0,0.0,0.0,0.0,1.0,0.0,0.0,0.0,0.0,1.0,0.0,0.0,0.0
Startup_60,-1.0,0.41154597164445206,1.1232143245326685,0.1495327102803739,-0.5109630266552021,-0.44131455399061026,0,-0.5625,1.0,0.0,0.0,0.0,0.0,0.0,0.0,0.0,0.0,1.0,0.0,0.0,-1.0
Startup_61,-1.0,0.18551659733423892,1.011706907593855,0.9426312005751258,-0.5836199484092863,0.7668231611893584,1,-0.625,0.0,1.0,0.0,0.0,0.0,0.0,0.0,1.0,0.0,0.0,0.0,0.0,0.0
Startup_62,-0.5,0.8748790219882843,1.4738964889310275,-0.6171099928109274,-0.13134135855546003,-0.10119979134063628,1,-0.0625,0.0,0.0,0.0,0.0,0.0,1.0,0.0,0.0,0.0,0.0,0.0,1.0,-1.0
Startup_63,0.5,-0.2492911112997708,-0.491720218118701,0.40757248981548055,0.2917024935511608,-0.8544600938967135,1,0.8125,0.0,0.0,0.0,0.0,0.0,0.0,1.0,0.0,0.0,0.0,1.0,1.0,-1.0
Startup_64,-0.5,0.8845912216656764,0.4199236484215491,0.18825784807093218,0.5776010318142735,0.6562336984872195,1,-0.4375,0.0,0.0,0.0,0.0,0.0,0.0,1.0,0.0,0.0,0.0,1.0,0.0,-1.0
Startup_65,-0.5,-0.7815604041090076,-0.6997724167799565,0.18959980829139708,-0.14638865004299226,-0.9525299947835157,1,0.0625,0.0,1.0,0.0,0.0,0.0,0.0,0.0,0.0,0.0,0.0,0.0,0.0,-1.0
Startup_66,-0.5,-0.07216232277782494,0.23304789280679844,0.402588066139468,-0.5393379191745485,0.449660928534168,0,-0.75,0.0,0.0,0.0,1.0,0.0,0.0,0.0,0.0,0.0,1.0,0.0,0.0,0.0
Startup_67,0.0,-0.5071058663723575,-0.15495725080807926,0.8467768991133477,0.5346087704213242,0.5477308294209702,0,0.75,0.0,0.0,0.0,1.0,0.0,0.0,0.0,0.0,0.0,1.0,0.0,1.0,-1.0
Startup_68,0.0,0.041939044061465404,0.7126615531509659,0.5651569614186437,0.14724849527085124,-0.32237871674491386,0,0.375,0.0,0.0,0.0,0.0,1.0,0.0,0.0,0.0,1.0,0.0,0.0,0.0,0.0
Startup_69,-0.5,-0.7266151625774684,-0.5469823067005783,-0.8260723699976036,0.7603181427343079,0.6541471048513301,1,-0.75,0.0,0.0,0.0,0.0,0.0,0.0,1.0,1.0,0.0,0.0,0.0,0.0,0.0
Startup_70,0.5,0.6556413957042194,1.5160888460811706,0.6995446920680567,-0.6420894239036974,0.015649452269170614,0,0.8125,0.0,0.0,0.0,0.0,0.0,0.0,1.0,1.0,0.0,0.0,0.0,0.0,0.0
Startup_71,-1.0,0.665557347822396,1.4817022087779232,-0.5017014138509465,0.0324591573516767,-0.09285341679707863,1,-0.6875,1.0,0.0,0.0,0.0,0.0,0.0,0.0,1.0,0.0,0.0,0.0,0.0,0.0
Startup_72,0.5,0.8869004159945666,0.48697123689222666,-0.21183800623052954,-0.5092433361994841,-0.9567031820552946,0,-0.8125,0.0,0.0,0.0,0.0,0.0,1.0,0.0,0.0,1.0,0.0,0.0,0.0,0.0
Startup_73,1.0,-0.7415570082349946,-0.3972690013594794,-0.049269110951353945,-0.7891229578675838,-0.45174752217005726,1,0.75,0.0,0.0,0.0,0.0,0.0,0.0,0.0,1.0,0.0,0.0,0.0,0.0,0.0
Startup_74,0.0,0.2118006621954326,0.12230967705255491,-0.012652767792954643,0.07244196044711952,0.8732394366197184,1,0.375,0.0,0.0,0.0,1.0,0.0,0.0,0.0,0.0,0.0,0.0,0.0,0.0,-1.0
Startup_75,-1.0,-0.09151880465234737,-0.19212638978768368,-0.10026359932901982,-0.1205932932072227,-0.24100156494522684,1,-0.6875,0.0,0.0,0.0,0.0,0.0,0.0,1.0,0.0,1.0,0.0,0.0,0.0,0.0
Startup_76,-1.0,-0.3556498853892521,-0.06984346755893993,0.8615384615384615,-0.2504299226139295,0.07824726134585289,1,0.9375,1.0,0.0,0.0,0.0,0.0,0.0,0.0,0.0,0.0,0.0,0.0,0.0,-1.0
Startup_77,1.0,-0.3410476271330333,-0.32663626649811117,0.41849988018212314,0.5324591573516767,0.04903495044340121,1,0.0625,0.0,0.0,1.0,0.0,0.0,0.0,0.0,0.0,1.0,0.0,0.0,1.0,-1.0
Startup_78,1.0,-0.21648696833347486,0.059221802505923654,0.2751018451953032,-0.191530524505589,0.17005738132498702,1,-0.125,1.0,0.0,0.0,0.0,0.0,0.0,0.0,1.0,0.0,0.0,0.0,1.0,-1.0
Startup_79,-0.5,0.37779098395449534,0.6427913307682147,-0.8381500119817876,0.28826311263972487,-0.923317683881064,1,0.9375,0.0,0.0,0.0,1.0,0.0,0.0,0.0,0.0,0.0,0.0,0.0,0.0,0.0
Startup_80,0.0,0.16086255199932087,0.3554512117426922,0.7975077881619939,-0.5810404127257094,-0.30151278038601975,1,-0.5,0.0,0.0,0.0,1.0,0.0,0.0,0.0,0.0,0.0,0.0,0.0,0.0,-1.0
Startup_81,0.0,-0.12113082604635375,-0.11860413395471406,0.8080517613227894,-0.9567927773000859,0.4434011476264997,1,-0.4375,1.0,0.0,0.0,0.0,0.0,0.0,0.0,0.0,0.0,0.0,0.0,0.0,0.0
Startup_82,0.5,-0.9017064266915698,-0.6687970195126273,0.5605559549484784,-0.277944969905417,-0.6353677621283255,0,0.1875,0.0,0.0,0.0,0.0,0.0,0.0,0.0,0.0,1.0,0.0,0.0,0.0,-1.0
Startup_83,-0.5,-0.8979709652771883,-0.6561152330261544,-0.9202012940330697,-0.3368443680137575,-0.6291079812206571,0,-0.6875,0.0,1.0,0.0,0.0,0.0,0.0,0.0,0.0,0.0,0.0,1.0,0.0,0.0
Startup_84,-0.5,-1.0513965531878768,-0.810082555353222,-0.8239635753654444,0.48946689595872744,-1.0297339593114239,0,-0.875,0.0,0.0,0.0,1.0,0.0,0.0,0.0,1.0,0.0,0.0,0.0,0.0,-1.0
Startup_85,-0.5,0.912301553612361,0.8004708848990757,-0.5022765396597171,0.30932932072227,-0.14710485133020346,0,-0.375,1.0,0.0,0.0,0.0,0.0,0.0,0.0,0.0,0.0,0.0,0.0,0.0,-1.0
Startup_86,-0.5,-1.045487732405128,-0.8133533325641321,-0.6820992092020128,-0.0853396388650043,0.7730829420970265,0,0.0,0.0,0.0,0.0,0.0,0.0,0.0,1.0,0.0,0.0,0.0,1.0,0.0,0.0
Startup_87,0.0,-0.8464215977587233,-0.6069198007434495,-0.16985382219027076,0.5333190025795357,-0.944183620239958,1,0.9375,1.0,0.0,0.0,0.0,0.0,0.0,0.0,1.0,0.0,0.0,0.0,0.0,-1.0
Startup_88,0.0,-0.4162322777824943,-0.49961957984893546,0.8333572969086988,0.5750214961306965,-0.6562336984872195,1,-0.8125,0.0,0.0,0.0,0.0,0.0,1.0,0.0,1.0,0.0,0.0,0.0,0.0,0.0
Startup_89,-0.5,0.5862976483572462,0.9183593273168422,-0.029523124850227636,-0.4219690455717971,-0.4100156494522691,1,-0.8125,0.0,1.0,0.0,0.0,0.0,0.0,0.0,0.0,0.0,0.0,0.0,0.0,0.0
Startup_90,0.5,0.9008914169284319,1.5207374967183536,-0.9079319434459621,-0.866938950988822,0.460093896713615,0,0.0,0.0,0.0,1.0,0.0,0.0,0.0,0.0,0.0,0.0,0.0,0.0,0.0,-1.0
Startup_91,-1.0,0.5508447236607523,0.6104648148984237,-0.3920440929786723,-0.6515477214101462,0.2723004694835682,0,0.125,0.0,0.0,0.0,0.0,0.0,0.0,0.0,0.0,1.0,0.0,0.0,0.0,0.0
Startup_92,-1.0,0.34851854996179643,0.5007767259787667,-0.8481188593338125,-0.5522355975924333,-0.19092331768388104,0,-0.75,0.0,0.0,0.0,0.0,1.0,0.0,0.0,0.0,0.0,0.0,1.0,1.0,-1.0
Startup_93,0.5,0.004244842516342644,0.6927292094116781,-0.8640306733764678,-0.22850386930352537,0.5164319248826291,0,0.9375,0.0,0.0,1.0,0.0,0.0,0.0,0.0,0.0,0.0,0.0,1.0,0.0,0.0
Startup_94,-0.5,-0.879769080567111,-0.5846464099206886,-0.4056554037862448,-0.8316852966466036,0.2097026604068857,0,0.3125,0.0,1.0,0.0,0.0,0.0,0.0,0.0,0.0,0.0,0.0,0.0,0.0,-1.0
Startup_95,0.0,0.8928771542575774,1.868570272380828,-0.40584711238916843,-0.6919604471195185,0.8002086593635891,0,-0.6875,0.0,1.0,0.0,0.0,0.0,0.0,0.0,1.0,0.0,0.0,0.0,0.0,0.0
Startup_96,-1.0,0.48652686985312843,1.1259031843256864,0.5737838485502038,-0.12790197764402408,0.6395409494001042,1,0.3125,0.0,1.0,0.0,0.0,0.0,0.0,0.0,0.0,0.0,0.0,0.0,0.0,-1.0
Startup_97,1.0,0.24358604295780636,-0.26499984114323355,0.933429187634795,0.9757093723129837,-0.5289514866979654,1,-1.0,0.0,0.0,1.0,0.0,0.0,0.0,0.0,1.0,0.0,0.0,0.0,0.0,0.0
Startup_98,1.0,0.4878173019780968,-0.08812370092789072,-0.22276539659717223,0.07545141874462596,-0.4893062076160667,0,0.1875,0.0,0.0,0.0,0.0,0.0,0.0,1.0,1.0,0.0,0.0,0.0,0.0,0.0
Startup_99,0.5,0.41677561762458626,0.5372368621273763,-0.11214953271028026,1.0608340498710231,-0.7918622848200312,0,0.3125,0.0,1.0,0.0,0.0,0.0,0.0,0.0,0.0,0.0,0.0,0.0,0.0,0.0
Startup_100,-0.5,0.2400543339842092,-0.055850694705722015,0.684208003834172,0.9395958727429062,-0.35367762128325503,0,-0.375,1.0,0.0,0.0,0.0,0.0,0.0,0.0,0.0,0.0,1.0,0.0,0.0,0.0
Startup_101,-1.0,0.9384497835130319,0.898139369221585,-0.42003354900551154,0.9881771281169389,1.015127803860198,0,-0.25,0.0,0.0,1.0,0.0,0.0,0.0,0.0,0.0,0.0,0.0,1.0,0.0,0.0
Startup_102,-0.5,0.7814245691484847,0.5841648230920885,-0.6341720584711238,-0.3789767841788478,-0.21178925404277507,1,-0.875,0.0,0.0,0.0,0.0,1.0,0.0,0.0,1.0,0.0,0.0,0.0,0.0,0.0
Startup_103,-1.0,0.2592749808982088,0.4281975776851392,0.7001198178768271,0.42841788478073944,-0.5957224830464266,0,-0.5,0.0,1.0,0.0,0.0,0.0,0.0,0.0,1.0,0.0,0.0,0.0,0.0,-1.0
Startup_104,0.5,0.3538840309024537,0.8474189119816462,-0.844476395878265,-0.016122098022355976,0.5247782994261868,0,-0.3125,1.0,0.0,0.0,0.0,0.0,0.0,0.0,0.0,0.0,1.0,0.0,1.0,-1.0
Startup_105,0.5,-0.9512182698021905,-0.6941472150736676,0.2532470644620177,0.8609200343938092,0.06990088680229524,0,0.375,0.0,0.0,0.0,0.0,0.0,0.0,1.0,0.0,1.0,0.0,0.0,1.0,-1.0
Startup_106,1.0,0.3065455471602003,0.4273614894410416,0.1426312005751259,-0.23452278589853826,-0.7417840375586853,0,-0.1875,0.0,0.0,0.0,0.0,0.0,1.0,0.0,0.0,0.0,1.0,0.0,0.0,0.0
Startup_107,-0.5,-0.9662959504202395,-0.6995650668954203,-0.2710759645339085,0.9967755803955288,-0.2639540949400103,1,1.0,0.0,0.0,0.0,0.0,0.0,0.0,1.0,0.0,0.0,1.0,0.0,0.0,0.0
Startup_108,1.0,0.14041939044061474,0.14779364673265077,-0.32993050563144016,0.9920464316423044,-0.19509650495565978,1,0.0625,0.0,0.0,0.0,0.0,1.0,0.0,0.0,1.0,0.0,0.0,0.0,0.0,0.0
Startup_109,-0.5,0.9766873249002463,1.9417179606804422,0.544644140905823,0.13607050730868445,0.505998956703182,1,-0.5,0.0,1.0,0.0,0.0,0.0,0.0,0.0,0.0,0.0,0.0,1.0,0.0,-1.0
Startup_110,1.0,0.07440359962645396,-0.38720249890054387,-0.7681763719146896,0.5733018056749785,-1.00886802295253,0,0.375,0.0,0.0,0.0,0.0,1.0,0.0,0.0,0.0,0.0,1.0,0.0,0.0,0.0
Startup_111,0.0,-0.09355632906019191,0.5574969524583504,-0.4802300503235082,0.4490541702493551,-0.49556598852373496,0,-0.4375,0.0,0.0,1.0,0.0,0.0,0.0,0.0,0.0,1.0,0.0,0.0,0.0,-1.0
Startup_112,0.0,-0.41976398675609133,-0.13371392070204655,0.469110951353942,0.5634135855546002,0.01773604590505998,0,0.125,0.0,0.0,0.0,1.0,0.0,0.0,0.0,0.0,0.0,0.0,0.0,0.0,0.0
Startup_113,0.0,-0.8109686730622295,-0.6326512525437984,0.11655883057752227,0.7246345657781599,-0.49556598852373496,1,-0.75,0.0,1.0,0.0,0.0,0.0,0.0,0.0,0.0,0.0,1.0,0.0,0.0,0.0
Startup_114,0.0,0.430834536038713,-0.03016606384704261,-0.6884255930984902,0.9490541702493551,0.24726134585289522,0,0.375,0.0,0.0,0.0,1.0,0.0,0.0,0.0,0.0,0.0,1.0,0.0,0.0,0.0
Startup_115,-1.0,-0.6644027506579506,-0.4772324810249773,0.7559070213275821,-0.22420464316423044,-0.055294731351069305,0,0.8125,1.0,0.0,0.0,0.0,0.0,0.0,0.0,0.0,1.0,0.0,0.0,0.0,0.0
Startup_116,0.0,-0.8216317174632821,-0.6927559642354892,-0.18001437814521928,0.57201203783319,-0.3035993740219091,1,0.5,0.0,0.0,0.0,0.0,0.0,1.0,0.0,0.0,0.0,0.0,1.0,0.0,0.0
Startup_117,0.5,-0.19821716614313611,-0.39395809191285275,0.651809249940091,0.14079965606190886,0.9107981220657276,1,0.6875,0.0,0.0,0.0,0.0,0.0,0.0,0.0,0.0,0.0,1.0,0.0,0.0,-1.0
Startup_118,0.5,0.5616436030223279,0.8440210493576334,0.5749341001677452,-0.6833619948409286,0.25560772039645285,0,0.5,0.0,0.0,0.0,0.0,1.0,0.0,0.0,0.0,0.0,1.0,0.0,0.0,0.0
Startup_119,-1.0,0.4594277952287971,0.5700248987079094,0.26225736879942485,-0.9146603611349957,-0.7814293166405842,0,-0.4375,0.0,0.0,0.0,0.0,0.0,0.0,1.0,0.0,0.0,0.0,1.0,0.0,-1.0
Startup_120,0.0,-0.9444944392563037,-0.6926422562342919,0.013419602204648988,0.7594582975064489,0.1053729786124152,0,-0.1875,0.0,0.0,0.0,0.0,0.0,1.0,0.0,0.0,1.0,0.0,0.0,0.0,0.0
Startup_121,0.0,-0.13029968588165383,0.4776672469119081,0.9424394919722021,0.26977644024075664,0.5623369848721962,1,0.8125,0.0,1.0,0.0,0.0,0.0,0.0,0.0,0.0,0.0,1.0,0.0,0.0,0.0
Startup_122,0.0,0.006554036845233066,0.1678330097671829,-0.6560268392044093,0.028589853826311264,0.4121022430881587,0,0.5,0.0,0.0,0.0,1.0,0.0,0.0,0.0,0.0,0.0,0.0,1.0,0.0,-1.0
Startup_123,1.0,0.2549282621614738,0.47305203980448907,0.45511622334052254,-0.27020636285468613,-0.6958789775691183,1,-0.1875,0.0,0.0,0.0,0.0,0.0,0.0,1.0,0.0,0.0,1.0,0.0,1.0,-1.0
Startup_124,-0.5,0.2664063163256643,-0.2855542345361298,-0.5674574646537263,-1.0217110920034393,0.9587897756911842,0,-0.4375,0.0,0.0,0.0,1.0,0.0,0.0,0.0,0.0,0.0,0.0,0.0,0.0,0.0
Startup_125,1.0,-0.3142881399100093,0.03448696789253936,-0.2858375269590222,-0.04621668099742046,-0.12415232133541987,1,-0.375,0.0,0.0,1.0,0.0,0.0,0.0,0.0,1.0,0.0,0.0,0.0,0.0,0.0
Startup_126,-0.5,0.08431955174463023,0.060800337110780076,-0.34239156482147126,1.0681427343078247,-0.7230046948356806,1,-0.375,0.0,0.0,0.0,1.0,0.0,0.0,0.0,0.0,0.0,0.0,0.0,0.0,0.0
Startup_127,0.0,-0.07759572119874342,0.6058228529671936,0.8801341960220463,0.6205932932072227,-0.679186228482003,0,0.25,0.0,0.0,1.0,0.0,0.0,0.0,0.0,0.0,0.0,1.0,0.0,0.0,-1.0
Startup_128,0.0,0.7440699550046694,1.4697294251224449,0.9190510424155284,1.0505159071367154,-0.8482003129890452,1,0.25,1.0,0.0,0.0,0.0,0.0,0.0,0.0,0.0,1.0,0.0,0.0,0.0,-1.0
Startup_129,1.0,0.02244672722641995,0.1700202166137423,-0.5831775700934579,-0.0006448839208942391,0.6082420448617634,0,0.3125,0.0,0.0,0.0,0.0,0.0,0.0,1.0,1.0,0.0,0.0,0.0,0.0,0.0
Startup_130,1.0,-0.15902878003226076,-0.42055238678111034,-0.8914450035945363,-0.6661650902837489,-0.7981220657276994,1,-0.625,0.0,0.0,0.0,0.0,0.0,0.0,1.0,0.0,0.0,0.0,0.0,0.0,0.0
Startup_131,-0.5,-0.23339842091858393,0.26541454091230615,0.44533908459142113,-0.32996560619088566,-0.7918622848200312,1,0.0,0.0,0.0,0.0,0.0,0.0,0.0,0.0,0.0,0.0,0.0,1.0,0.0,-1.0
Startup_132,0.5,0.10822650479667208,0.6310192082913197,-0.13304577042894794,-0.0677128116938951,0.7063119457485654,0,-0.9375,0.0,1.0,0.0,0.0,0.0,0.0,0.0,0.0,1.0,0.0,0.0,0.0,0.0
Startup_133,-0.5,0.5792342304100518,0.02391212378119236,-0.7633836568416006,0.11844368013757524,-0.3390714658320292,1,-0.3125,0.0,0.0,1.0,0.0,0.0,0.0,0.0,0.0,0.0,0.0,0.0,0.0,-1.0
Startup_134,1.0,0.03901859241022162,-0.10982186303871243,0.3759405703330937,-0.5823301805674979,-0.9859154929577463,1,0.0625,0.0,0.0,0.0,0.0,0.0,0.0,0.0,0.0,0.0,0.0,1.0,0.0,0.0
Startup_135,1.0,0.2897699295356142,0.8460811707910899,0.11042415528396847,0.015262252794496991,-0.944183620239958,0,-0.375,0.0,0.0,0.0,1.0,0.0,0.0,0.0,0.0,0.0,1.0,0.0,0.0,0.0
Startup_136,-1.0,0.44475761949231696,-0.04401168516929947,0.9441648693985142,0.6988392089423904,-0.7563901930099113,0,-0.0625,0.0,0.0,0.0,1.0,0.0,0.0,0.0,0.0,0.0,0.0,1.0,0.0,0.0
Startup_137,1.0,0.0019356481874522227,0.647145678343475,-0.49805895039539894,0.39918314703353397,-0.6103286384976525,1,0.0625,0.0,0.0,0.0,0.0,0.0,0.0,0.0,0.0,0.0,0.0,0.0,0.0,0.0
Startup_138,-1.0,-0.18796162662365218,-0.12295848152997454,-0.1598849748382458,0.983018056749785,0.32237871674491386,1,0.5625,0.0,0.0,0.0,0.0,0.0,0.0,1.0,0.0,0.0,0.0,0.0,0.0,0.0
Startup_139,0.5,0.7270905849392989,-0.10610963123491897,0.1054397316079559,0.6081255374032674,-0.72509128847157,0,-0.0625,0.0,0.0,0.0,1.0,0.0,0.0,0.0,0.0,0.0,1.0,0.0,0.0,-1.0
Startup_140,-0.5,-0.20691060361660576,0.25614399446175146,0.5826024442846872,0.4924763542562339,-0.8043818466353676,0,-0.6875,0.0,0.0,0.0,0.0,1.0,0.0,0.0,0.0,0.0,0.0,1.0,0.0,-1.0
Startup_141,-0.5,-0.1165124373885729,-0.12286483964663554,0.11751737359214,0.1984092863284609,0.5289514866979655,0,-0.3125,1.0,0.0,0.0,0.0,0.0,0.0,0.0,0.0,0.0,0.0,1.0,0.0,0.0
Startup_142,-1.0,0.9583496052296462,1.0340003645344742,0.24021087946321593,-0.05352536543422184,0.33489827856025045,0,-0.25,1.0,0.0,0.0,0.0,0.0,0.0,0.0,0.0,0.0,1.0,0.0,0.0,0.0
Startup_143,-0.5,-1.0556753544443502,-0.8160890132988194,-0.5005511622334051,0.7435511607910577,-0.1512780386019822,0,-0.8125,0.0,0.0,0.0,0.0,1.0,0.0,0.0,0.0,0.0,0.0,1.0,0.0,0.0
Startup_144,1.0,-0.6788691739536464,-0.7041133869433115,0.6884255930984902,-0.952493551160791,0.08450704225352117,1,-0.9375,0.0,0.0,0.0,0.0,0.0,0.0,0.0,0.0,0.0,1.0,0.0,0.0,0.0
Startup_145,0.0,-0.27509975379913404,0.005464672763422191,-0.11272465851905095,-0.21173688736027516,-0.4058424621804903,0,0.5625,0.0,0.0,0.0,0.0,1.0,0.0,0.0,0.0,1.0,0.0,0.0,0.0,0.0
Startup_146,-1.0,0.8408523643772817,0.9007412758372167,-0.6636951833213515,-0.5436371453138436,-0.05320813771517994,1,0.625,0.0,0.0,1.0,0.0,0.0,0.0,0.0,0.0,0.0,0.0,0.0,0.0,-1.0
Startup_147,-0.5,-0.9137278206978522,-0.672382165903318,0.3383656841600768,0.5419174548581256,-0.0031298904538340487,0,0.625,0.0,0.0,1.0,0.0,0.0,0.0,0.0,0.0,1.0,0.0,0.0,0.0,0.0
Startup_148,-1.0,-1.0368622124119196,-0.789768955374626,-0.5197220225257607,0.5346087704213242,-0.25143453312467384,0,-0.125,0.0,0.0,0.0,0.0,0.0,0.0,0.0,1.0,0.0,0.0,0.0,0.0,0.0
Startup_149,-1.0,-0.9489769929535615,-0.7005884389061957,-0.7467050083872513,-0.7723559759243336,0.8231611893583725,0,-0.5625,0.0,0.0,0.0,0.0,1.0,0.0,0.0,1.0,0.0,0.0,0.0,0.0,0.0
Startup_150,0.0,-0.8760336191527295,-0.7256242652874554,0.7171818835370236,-0.5083834909716252,-1.0172143974960874,0,-0.625,0.0,0.0,1.0,0.0,0.0,0.0,0.0,1.0,0.0,0.0,0.0,0.0,0.0
Startup_151,1.0,-0.9796756940317516,-0.7600978557680891,-0.05233644859813078,0.7138865004299226,0.5644235785080856,1,-0.3125,0.0,0.0,0.0,0.0,0.0,0.0,1.0,0.0,0.0,1.0,0.0,0.0,-1.0
Startup_152,-1.0,-0.08024450292894134,0.5200067555930123,0.5013179966450996,0.3192175408426483,-0.7939488784559205,1,-0.25,0.0,0.0,0.0,0.0,1.0,0.0,0.0,0.0,0.0,0.0,1.0,0.0,0.0
Startup_153,-0.5,0.12520587486204265,0.6103109746615099,-0.377090821950635,0.6975494411006019,0.5978090766823161,1,0.0,0.0,0.0,0.0,0.0,0.0,0.0,1.0,0.0,1.0,0.0,0.0,0.0,0.0
Startup_154,0.5,-0.503506239918499,-0.28768793173506696,0.5735921399472802,-0.07760103181427343,0.2222222222222223,1,0.0,0.0,0.0,1.0,0.0,0.0,0.0,0.0,0.0,1.0,0.0,0.0,0.0,0.0
Startup_155,-1.0,-0.2459631547669581,-0.3315792201972164,-0.7192906781691828,0.1502579535683577,0.6917057902973395,1,0.25,1.0,0.0,0.0,0.0,0.0,0.0,0.0,0.0,1.0,0.0,0.0,0.0,-1.0
Startup_156,-1.0,-0.8696493760081501,-0.6938529120117453,-0.2519051042415528,0.7379621668099742,-0.8482003129890452,0,-0.5625,0.0,0.0,1.0,0.0,0.0,0.0,0.0,0.0,1.0,0.0,0.0,0.0,-1.0
Startup_157,0.0,-0.37195008065200785,-0.019811947032137487,0.939563862928349,0.45894239036973344,0.10328638497652584,1,-0.75,0.0,0.0,0.0,0.0,0.0,0.0,1.0,1.0,0.0,0.0,0.0,1.0,-1.0
Startup_158,1.0,0.0066898718057561,0.5698108601174202,0.5870117421519292,0.38972484952708514,-0.015649452269170614,1,0.5625,0.0,0.0,0.0,0.0,0.0,1.0,0.0,0.0,1.0,0.0,0.0,1.0,-1.0
Startup_159,0.5,0.43341540028864933,0.8079889903900018,0.018787443086508582,-0.8385640584694755,0.4079290558163797,0,-0.0625,0.0,1.0,0.0,0.0,0.0,0.0,0.0,0.0,0.0,0.0,1.0,0.0,0.0
Startup_160,-0.5,-1.0493590287800323,-0.8049924501231557,-0.2829618979151689,0.08705932932072227,0.05320813771517994,1,0.6875,0.0,0.0,0.0,1.0,0.0,0.0,0.0,1.0,0.0,0.0,0.0,0.0,0.0
Startup_161,0.5,-0.10557772306647416,0.32842215098750377,0.7367361610352265,0.9383061049011178,0.0657276995305165,0,0.75,0.0,0.0,0.0,0.0,1.0,0.0,0.0,0.0,1.0,0.0,0.0,0.0,0.0
Startup_162,-0.5,-0.45202478988029543,-0.5307755721769898,0.10984902947519777,-0.603396388650043,-0.16379760041731875,0,-0.3125,0.0,0.0,0.0,0.0,0.0,1.0,0.0,0.0,0.0,1.0,0.0,0.0,0.0
Startup_163,1.0,0.6785975040326004,0.5666203473779436,0.5189551881140667,0.3746775580395529,-0.41210224308815846,1,0.8125,0.0,0.0,1.0,0.0,0.0,0.0,0.0,0.0,0.0,0.0,0.0,0.0,0.0
Startup_164,-0.5,0.39938874267764674,-0.12293841541211621,0.5107117181883537,-1.0608340498710231,-0.055294731351069305,0,0.375,1.0,0.0,0.0,0.0,0.0,0.0,0.0,0.0,0.0,0.0,0.0,1.0,-1.0
Startup_165,0.0,0.14218524492741322,-0.12861712676602735,-0.899305056314402,-0.3953138435081685,-0.8064684402712571,0,-0.0625,0.0,0.0,0.0,0.0,0.0,0.0,0.0,0.0,0.0,0.0,0.0,0.0,0.0
Startup_166,0.0,-0.49216402071483145,-0.06724824964926095,-0.6918763479511142,0.20055889939810834,0.9358372456964005,1,-0.1875,0.0,0.0,1.0,0.0,0.0,0.0,0.0,1.0,0.0,0.0,0.0,0.0,0.0
Startup_167,0.0,0.7956193225231344,0.7671410631363677,0.3297387970285167,0.75,0.42462180490349505,1,-0.4375,1.0,0.0,0.0,0.0,0.0,0.0,0.0,0.0,1.0,0.0,0.0,0.0,-1.0
Startup_168,0.0,-0.964394260972918,-0.7294368276805406,-0.6240115025161753,-0.31147893379191743,0.9170579029733957,0,-0.625,0.0,1.0,0.0,0.0,0.0,0.0,0.0,1.0,0.0,0.0,0.0,0.0,-1.0
Startup_169,0.5,-0.8334493590287801,-0.7032639212873082,-0.4443805415768032,0.9679707652622528,-0.5832029212310902,1,0.75,0.0,0.0,1.0,0.0,0.0,0.0,0.0,0.0,0.0,0.0,1.0,0.0,0.0
Startup_170,1.0,-0.25954665081925454,-0.28615621807188013,0.8793673616103523,-0.11027515047291488,0.7668231611893584,0,-0.875,0.0,0.0,0.0,0.0,0.0,0.0,1.0,0.0,0.0,1.0,0.0,0.0,0.0
Startup_171,-0.5,-0.803022327871636,-0.6721547499009235,0.1391804457225019,-0.9851676698194325,0.6207616066770995,0,-0.125,0.0,0.0,0.0,0.0,0.0,0.0,0.0,0.0,0.0,1.0,0.0,0.0,0.0
Startup_172,-0.5,0.8893454452839801,0.2329341848056011,0.5041936256889528,0.30374032674118656,0.3474178403755868,1,0.125,1.0,0.0,0.0,0.0,0.0,0.0,0.0,0.0,0.0,0.0,0.0,0.0,-1.0
Startup_173,0.0,0.5670770014432466,0.8892099467746224,0.13496285645818368,-0.961092003439381,0.24100156494522695,1,-0.25,1.0,0.0,0.0,0.0,0.0,0.0,0.0,0.0,0.0,0.0,0.0,0.0,0.0
Startup_174,0.0,-0.5293148824178624,-0.5001212327953941,0.12461059190031153,0.539767841788478,-0.3974960876369326,0,0.25,1.0,0.0,0.0,0.0,0.0,0.0,0.0,0.0,0.0,0.0,0.0,0.0,0.0
Startup_175,-1.0,0.14103064776296811,0.4336890052723725,-0.7532231008866522,0.924548581255374,0.6353677621283255,1,0.625,0.0,1.0,0.0,0.0,0.0,0.0,0.0,0.0,1.0,0.0,0.0,0.0,-1.0
Startup_176,1.0,0.9420494099668902,-0.0881036348100324,-0.2754852624011502,-0.10769561478933792,-0.013562858633281064,1,0.75,0.0,0.0,1.0,0.0,0.0,0.0,0.0,0.0,0.0,0.0,1.0,0.0,0.0
Startup_177,0.5,0.7424399354783938,0.01656792464503872,-0.3928109273903666,0.29385210662080824,-0.9045383411580594,0,0.1875,0.0,1.0,0.0,0.0,0.0,0.0,0.0,0.0,0.0,0.0,1.0,1.0,-1.0
Startup_178,-0.5,0.16595636301893205,-0.058057967670139744,-0.18538221902707874,0.4791487532244196,-0.4037558685446008,0,0.5,0.0,0.0,0.0,0.0,1.0,0.0,0.0,0.0,0.0,0.0,1.0,0.0,0.0
Startup_179,-1.0,0.7821716614313611,1.0258735868018456,0.5952552120776419,0.3630696474634566,0.8815858111632758,0,-0.6875,0.0,0.0,0.0,1.0,0.0,0.0,0.0,0.0,0.0,0.0,1.0,0.0,-1.0
Startup_180,-1.0,0.9559724934204942,1.3875386063746713,-0.22123172777378383,1.0341788478073948,0.7063119457485654,1,-0.9375,0.0,0.0,0.0,1.0,0.0,0.0,0.0,0.0,0.0,0.0,0.0,0.0,-1.0
Startup_181,-0.5,0.4558960862552,0.4228666790407727,-0.06863167984663308,-0.8935941530524506,0.9775691184141888,1,0.3125,0.0,0.0,0.0,0.0,1.0,0.0,0.0,0.0,0.0,1.0,0.0,1.0,-1.0
Startup_182,0.5,-0.923983360217336,-0.7062738389660597,-0.17253774263120056,-0.20528804815133275,0.24726134585289522,1,0.9375,0.0,0.0,1.0,0.0,0.0,0.0,0.0,0.0,0.0,0.0,0.0,0.0,-1.0
Startup_183,-1.0,-0.2393072417013329,0.12690481804211545,-0.7547567697100407,-0.4774290627687016,-0.5393844548774126,1,-0.0625,0.0,0.0,0.0,0.0,0.0,0.0,1.0,0.0,0.0,0.0,1.0,0.0,0.0
Startup_184,-1.0,0.648102555395195,-0.28130021755016105,-0.08895279175653008,-0.5990971625107481,-0.7146583202921231,1,0.0625,0.0,1.0,0.0,0.0,0.0,0.0,0.0,0.0,0.0,0.0,0.0,0.0,-1.0
Startup_185,1.0,-0.5871126581203837,-0.4877337493708435,-0.5590222861250898,0.4017626827171109,-0.6645800730307772,0,-0.75,0.0,0.0,0.0,0.0,0.0,0.0,0.0,0.0,0.0,0.0,1.0,0.0,0.0
Startup_186,0.5,0.6335002971389763,1.3205579049635214,-0.5760843517852863,0.5002149613069647,-1.00886802295253,0,0.8125,1.0,0.0,0.0,0.0,0.0,0.0,0.0,1.0,0.0,0.0,0.0,0.0,-1.0
Startup_187,-1.0,-0.8113761779437983,-0.5675099452696635,-0.7536065180924992,-0.6803525365434222,-0.2430881585811162,0,0.125,1.0,0.0,0.0,0.0,0.0,0.0,0.0,0.0,0.0,1.0,0.0,0.0,0.0
Startup_188,0.5,-0.9606587995585364,-0.7491216892995753,-0.2505631440210879,-0.9907566638005159,-0.6541471048513301,0,0.375,0.0,0.0,1.0,0.0,0.0,0.0,0.0,1.0,0.0,0.0,0.0,0.0,0.0
Startup_189,-0.5,-0.2748280838780881,0.2538564570259003,0.517038102084831,0.6674548581255374,-0.1992696922274387,1,-0.25,0.0,0.0,0.0,0.0,0.0,0.0,1.0,0.0,1.0,0.0,0.0,0.0,-1.0
Startup_190,0.0,-0.98144154851855,-0.7233567939694627,-0.4041217349628564,0.5436371453138436,0.8815858111632758,1,0.75,0.0,0.0,0.0,1.0,0.0,0.0,0.0,0.0,0.0,0.0,0.0,0.0,0.0
Startup_191,-1.0,0.891043382290517,0.3691898137697045,-0.33549005511622326,-0.20485812553740326,-0.1617110067814292,0,0.3125,0.0,0.0,0.0,1.0,0.0,0.0,0.0,0.0,1.0,0.0,0.0,1.0,-1.0
Startup_192,1.0,0.6244672722641991,0.9640231228564786,0.29714833453151207,-0.17175408426483232,0.7626499739175794,0,-0.5,1.0,0.0,0.0,0.0,0.0,0.0,0.0,0.0,0.0,0.0,0.0,0.0,0.0
Startup_193,-0.5,0.5727141523049497,0.8137011452736769,-0.5586388689192426,0.4954858125537403,0.1992696922274387,1,0.125,0.0,0.0,1.0,0.0,0.0,0.0,0.0,1.0,0.0,0.0,0.0,0.0,0.0
Startup_194,0.5,0.22490873588589871,0.17072921944473707,0.7842798945602683,-0.1554170249355116,-0.5393844548774126,0,-0.6875,0.0,1.0,0.0,0.0,0.0,0.0,0.0,0.0,0.0,0.0,1.0,0.0,0.0
Startup_195,-0.5,-0.6161134221920367,-0.49443583273553016,0.06268871315600294,-0.9176698194325021,-0.3161189358372456,0,-0.125,0.0,0.0,0.0,1.0,0.0,0.0,0.0,0.0,0.0,0.0,1.0,0.0,0.0
Startup_196,-1.0,-0.0019356481874522227,-0.07586999162239567,-0.0763000239635753,-0.02987962166809974,-0.8774126238914971,0,0.1875,0.0,1.0,0.0,0.0,0.0,0.0,0.0,0.0,0.0,0.0,0.0,0.0,0.0
Startup_197,0.5,0.1587571101112149,0.4307660407710071,0.13477114785526,0.7590283748925194,-0.36202399582681266,0,-0.5,0.0,0.0,0.0,0.0,0.0,0.0,1.0,0.0,0.0,0.0,1.0,0.0,-1.0
Startup_198,0.0,0.011851600305628693,0.05896094297376528,-0.6155763239875389,0.8828460877042132,0.3495044340114762,1,0.9375,0.0,0.0,0.0,1.0,0.0,0.0,0.0,1.0,0.0,0.0,0.0,0.0,-1.0
Startup_199,-0.5,-0.5268019356481874,-0.1366101303796007,0.2413611310807573,-0.42755803955288046,-0.9024517475221698,0,-0.8125,0.0,0.0,0.0,1.0,0.0,0.0,0.0,0.0,0.0,0.0,1.0,0.0,0.0
Startup_200,-1.0,-0.008048221410985669,0.32499753353968,-0.23829379343398033,-0.1433791917454858,-0.6270213875847678,0,0.0625,0.0,0.0,0.0,0.0,0.0,1.0,0.0,1.0,0.0,0.0,0.0,0.0,0.0
Startup_201,1.0,-0.057016724679514276,-0.4386988460310054,0.7846633117661156,0.027300085984522784,-0.26186750130412095,0,-0.75,0.0,0.0,0.0,1.0,0.0,0.0,0.0,0.0,1.0,0.0,0.0,0.0,0.0
Startup_202,0.5,0.9705068341964513,1.3178623564645506,-0.6102084831056793,-0.06427343078245916,0.9775691184141888,1,0.1875,0.0,0.0,0.0,0.0,1.0,0.0,0.0,1.0,0.0,0.0,0.0,0.0,0.0
Startup_203,-0.5,0.7693352576619407,0.3086369587791774,0.03738317757009351,0.19754944110060188,0.5706833594157538,0,0.375,0.0,0.0,0.0,0.0,0.0,0.0,0.0,0.0,0.0,1.0,0.0,0.0,0.0
Startup_204,-0.5,-0.11359198573732912,0.12445006295744489,0.21183800623052967,-0.538907996560619,0.4642670839853939,0,-0.375,0.0,0.0,0.0,0.0,1.0,0.0,0.0,0.0,0.0,1.0,0.0,0.0,0.0
Startup_205,0.0,0.21098565243229478,0.5788539905655803,-0.8695902228612509,-0.6528374892519346,-0.8106416275430359,0,0.3125,0.0,0.0,1.0,0.0,0.0,0.0,0.0,0.0,0.0,1.0,0.0,0.0,0.0
Startup_206,0.0,0.46513286357076167,0.04864026968862403,-0.23714354181643896,0.961092003439381,0.5623369848721962,0,-0.8125,0.0,0.0,1.0,0.0,0.0,0.0,0.0,0.0,0.0,0.0,0.0,0.0,0.0
Startup_207,1.0,-0.985244927413193,-0.7556766211333008,0.46949436855978927,0.6334909716251075,0.5706833594157538,0,0.75,0.0,1.0,0.0,0.0,0.0,0.0,0.0,0.0,0.0,0.0,0.0,0.0,0.0
Startup_208,1.0,0.7642414466423295,0.1313059865590455,0.637622813323748,-0.6197334479793637,0.19092331768388104,1,-0.25,0.0,0.0,0.0,0.0,1.0,0.0,0.0,0.0,0.0,0.0,0.0,0.0,-1.0
Startup_209,-1.0,0.6934714322098652,-0.19139063213287774,-0.33395638629283486,0.5199914015477214,0.9942618675013042,0,-0.5,0.0,0.0,0.0,0.0,1.0,0.0,0.0,1.0,0.0,0.0,0.0,1.0,-1.0
Startup_210,-1.0,-0.12568129722387297,-0.12413569377766401,0.5958303378864126,0.12403267411865865,-0.378716744913928,0,0.875,0.0,0.0,0.0,0.0,1.0,0.0,0.0,0.0,0.0,0.0,0.0,0.0,0.0
Startup_211,1.0,-0.2604295780626539,-0.23888713310357626,0.9198178768272227,-0.38843508168529667,0.8941053729786124,1,-0.625,0.0,0.0,0.0,0.0,0.0,0.0,1.0,0.0,1.0,0.0,0.0,1.0,-1.0
Startup_212,1.0,-0.5009253756685628,0.004488121694316129,0.7074047447879225,0.5960877042132416,0.8398539384454877,0,-0.8125,0.0,0.0,0.0,1.0,0.0,0.0,0.0,0.0,0.0,1.0,0.0,0.0,0.0
Startup_213,0.5,-0.08656082859325923,-0.01703613406173343,-0.70836328780254,-0.05309544282029235,-1.0276473656755345,0,0.125,0.0,0.0,0.0,0.0,0.0,0.0,0.0,1.0,0.0,0.0,0.0,0.0,0.0
Startup_214,0.0,-0.9658884455386707,-0.7531549789891023,0.48310567936736165,-0.8837059329320722,-0.11997913406364114,0,0.8125,0.0,1.0,0.0,0.0,0.0,0.0,0.0,0.0,0.0,1.0,0.0,0.0,0.0
Startup_215,-1.0,0.6773070719076323,0.8868889658090074,-0.32149532710280365,0.1446689595872743,0.9671361502347416,1,0.875,0.0,0.0,0.0,0.0,1.0,0.0,0.0,0.0,0.0,0.0,0.0,0.0,0.0
Startup_216,0.0,-0.9840903302487478,-0.7875416162923498,0.9593098490294752,-0.4021926053310404,-0.8377673448095981,0,0.25,0.0,0.0,0.0,0.0,1.0,0.0,0.0,1.0,0.0,0.0,0.0,0.0,0.0
Startup_217,0.0,-0.3868240088292725,0.14555293023846916,-0.00402588066139456,0.5874892519346517,0.08033385498174225,1,0.875,0.0,0.0,0.0,0.0,0.0,1.0,0.0,0.0,0.0,0.0,1.0,0.0,0.0
Startup_218,1.0,0.8388148399694372,1.1676340207650877,-0.6991612748622094,-0.5105331040412726,0.9713093375065204,1,0.125,0.0,1.0,0.0,0.0,0.0,0.0,0.0,0.0,1.0,0.0,0.0,0.0,0.0
Startup_219,0.5,0.43939213855165976,0.9622573044849445,0.45530793194344593,-0.04621668099742046,0.09702660406885755,0,0.875,0.0,0.0,0.0,0.0,1.0,0.0,0.0,0.0,0.0,0.0,0.0,0.0,0.0
Startup_220,-0.5,-0.4837422531624077,-0.5316183491270402,-0.3149772346034028,-0.9929062768701634,-0.6583202921231089,1,0.9375,0.0,1.0,0.0,0.0,0.0,0.0,0.0,0.0,0.0,0.0,0.0,0.0,0.0
Startup_221,0.5,-0.542219203667544,-0.41455930624741855,0.9759884974838245,-0.3880051590713672,0.15127803860198236,0,-0.9375,0.0,0.0,0.0,1.0,0.0,0.0,0.0,0.0,1.0,0.0,0.0,0.0,0.0
Startup_222,0.5,-1.0458273198064352,-0.8068385329661233,0.9428229091780495,-0.38886500429922616,-0.6291079812206571,0,-0.4375,0.0,0.0,0.0,0.0,0.0,1.0,0.0,0.0,1.0,0.0,0.0,0.0,0.0
Startup_223,0.0,0.3590457594023263,0.9791195321919057,0.32302899592619233,-0.7878331900257953,0.023995826812728265,1,-0.9375,0.0,1.0,0.0,0.0,0.0,0.0,0.0,0.0,0.0,0.0,1.0,0.0,0.0
Startup_224,0.5,-0.9569233381441549,-0.7872807567601914,-0.6849748382458662,-1.0027944969905418,-0.8982785602503911,1,-0.9375,0.0,0.0,0.0,0.0,0.0,0.0,0.0,0.0,0.0,0.0,0.0,0.0,0.0
Startup_225,-1.0,0.027200950844723633,-0.11028338374945436,0.38188353702372396,0.6283319002579536,0.1992696922274387,1,0.4375,0.0,0.0,0.0,0.0,0.0,0.0,0.0,0.0,0.0,0.0,0.0,0.0,0.0
Startup_226,0.0,0.9009593344086937,2.034918389426493,-0.7555236041217349,-0.6365004299226139,0.01773604590505998,0,0.0,0.0,0.0,1.0,0.0,0.0,0.0,0.0,0.0,0.0,1.0,0.0,0.0,0.0
Startup_227,-1.0,-0.8334493590287801,-0.6240562653944748,-0.8774502755811167,-1.0487962166809974,0.47887323943661964,0,0.9375,0.0,0.0,0.0,0.0,0.0,1.0,0.0,1.0,0.0,0.0,0.0,0.0,0.0
Startup_228,-0.5,0.7633585193989303,0.5449021191492635,0.6424155283968369,-0.0793207222699914,0.25143453312467395,1,-0.0625,0.0,0.0,0.0,0.0,0.0,1.0,0.0,1.0,0.0,0.0,0.0,0.0,0.0
Startup_229,0.0,0.9606587995585364,0.06520819433366275,-0.5319913731128684,-0.5432072226999141,0.08450704225352117,0,-0.0625,0.0,0.0,1.0,0.0,0.0,0.0,0.0,0.0,0.0,1.0,0.0,0.0,0.0
Startup_230,-0.5,-0.9310467781645301,-0.6318486078294646,-0.20781212556913484,-0.6261822871883062,0.37454355764214914,0,0.875,0.0,1.0,0.0,0.0,0.0,0.0,0.0,1.0,0.0,0.0,0.0,0.0,0.0
Startup_231,0.0,0.7397911537481962,-0.24354916115266462,0.9307452671938653,0.5204213241616509,-0.7522170057381323,0,0.4375,0.0,0.0,0.0,0.0,0.0,1.0,0.0,0.0,1.0,0.0,0.0,0.0,0.0
Startup_232,1.0,-0.006350284404448611,0.4109540937388696,-0.288521447399952,0.6678847807394669,0.17840375586854468,0,-1.0,0.0,0.0,0.0,0.0,0.0,0.0,0.0,1.0,0.0,0.0,0.0,0.0,0.0
Startup_233,0.5,0.7878088122930641,1.4060529444519692,-0.36578001437814517,1.0548151332760103,-0.6958789775691183,1,-0.375,0.0,0.0,0.0,0.0,0.0,0.0,0.0,1.0,0.0,0.0,0.0,0.0,0.0
Startup_234,1.0,0.10598522794804327,-0.13777396521538463,0.8249221183800624,0.8415735167669819,0.8607198748043817,0,0.25,0.0,0.0,0.0,0.0,1.0,0.0,0.0,0.0,0.0,1.0,0.0,0.0,0.0
Startup_235,-0.5,0.29065285677901365,0.6527441252259527,-0.7215911814042655,-0.5277300085984523,-0.9087115284298382,1,-0.8125,0.0,0.0,0.0,1.0,0.0,0.0,0.0,0.0,0.0,0.0,1.0,0.0,-1.0
Startup_236,0.5,0.04995330673232036,-0.3680995546994011,0.5210639827462259,-0.2611779879621668,-0.1617110067814292,0,-0.625,0.0,0.0,0.0,0.0,0.0,1.0,0.0,1.0,0.0,0.0,0.0,0.0,0.0
Startup_237,0.0,0.7023686221241194,0.23803766744757315,0.9587347232207046,-0.29342218400687875,0.3870631194574857,1,0.5625,0.0,1.0,0.0,0.0,0.0,0.0,0.0,1.0,0.0,0.0,0.0,0.0,0.0
Startup_238,0.5,0.43674335682146204,1.017579591420397,0.7925233644859814,0.2904127257093723,-0.1053729786124152,0,-0.3125,0.0,0.0,1.0,0.0,0.0,0.0,0.0,0.0,0.0,0.0,1.0,0.0,0.0
Startup_239,-1.0,0.004176925036081224,0.583529396026574,0.31440210879463226,0.5612639724849527,-0.8607198748043817,0,0.875,0.0,0.0,1.0,0.0,0.0,0.0,0.0,0.0,0.0,1.0,0.0,0.0,0.0
Startup_240,0.5,0.7097716274726208,0.9773202702906075,-0.33223100886652285,-0.06470335339638865,0.09285341679707881,0,0.0,0.0,1.0,0.0,0.0,0.0,0.0,0.0,0.0,0.0,0.0,1.0,0.0,0.0
Startup_241,-1.0,-0.5572289668053316,-0.3684607448208513,-0.4464893362089623,0.39660361134995703,0.27438706311945754,0,1.0,0.0,0.0,0.0,0.0,0.0,0.0,1.0,0.0,0.0,1.0,0.0,0.0,0.0
Startup_242,0.5,-0.7361236098140759,-0.6613056688455126,0.6353223100886652,-0.7199054170249355,0.403755868544601,0,-0.375,1.0,0.0,0.0,0.0,0.0,0.0,0.0,0.0,1.0,0.0,0.0,0.0,-1.0
Startup_243,-1.0,-0.7298752016300196,-0.6957591932082878,0.7513060148574167,-0.02343078245915735,-0.2785602503912363,1,0.6875,0.0,0.0,0.0,1.0,0.0,0.0,0.0,0.0,0.0,1.0,0.0,0.0,0.0
Startup_244,-0.5,-0.37670430427031154,-0.5210635711335516,0.07265756050802792,-0.6893809114359415,0.11371935315597285,1,0.9375,0.0,0.0,1.0,0.0,0.0,0.0,0.0,0.0,1.0,0.0,0.0,0.0,0.0
Startup_245,1.0,-0.5706087104168436,-0.5419189562943231,-0.4656601965013179,-0.7843938091143594,-0.11997913406364114,0,-1.0,0.0,0.0,0.0,0.0,0.0,1.0,0.0,0.0,1.0,0.0,0.0,1.0,-1.0
Startup_246,0.0,0.8357585533576706,0.50751894157917,-0.7173735921399471,0.9615219260533104,0.3369848721961398,0,0.6875,0.0,0.0,0.0,1.0,0.0,0.0,0.0,0.0,0.0,1.0,0.0,1.0,-1.0
Startup_247,0.5,-0.8408523643772816,-0.654690538658212,-0.7666427030913011,0.056964746345657784,0.1554512258737611,0,-0.625,0.0,0.0,0.0,0.0,0.0,1.0,0.0,0.0,0.0,0.0,0.0,0.0,0.0
Startup_248,1.0,0.3657016724679515,0.18666840573021448,0.443613707165109,0.748280309544282,0.03442879499217528,0,-0.9375,0.0,0.0,0.0,0.0,0.0,0.0,1.0,0.0,0.0,1.0,0.0,0.0,0.0
Startup_249,0.0,-0.6712624161643603,-0.5933350389533512,-0.12901988976755324,0.8733877901977644,-0.5352112676056338,1,0.4375,0.0,0.0,0.0,0.0,0.0,0.0,0.0,1.0,0.0,0.0,0.0,1.0,-1.0
Startup_250,0.0,0.7372102894982598,0.7954476667285373,0.800383417205847,-0.719475494411006,-1.0464267083985392,1,-0.8125,0.0,0.0,0.0,1.0,0.0,0.0,0.0,1.0,0.0,0.0,0.0,0.0,0.0
Startup_251,-1.0,0.8992613974021567,1.6714407305404642,0.482913970764438,-0.13048151332760102,-0.6917057902973395,0,0.125,0.0,0.0,0.0,0.0,1.0,0.0,0.0,0.0,0.0,0.0,0.0,0.0,0.0
Startup_252,-0.5,-0.10931318448085577,-0.2229011258764294,-0.5672657560508026,-0.5956577815993122,-0.8085550339071466,0,0.5625,0.0,0.0,1.0,0.0,0.0,0.0,0.0,0.0,1.0,0.0,0.0,0.0,0.0
Startup_253,-0.5,0.7319806435181254,1.7067905415009121,0.241936256889528,-0.11500429922613929,-0.1220657276995305,0,-0.375,0.0,0.0,0.0,1.0,0.0,0.0,0.0,0.0,0.0,0.0,0.0,0.0,0.0
Startup_254,1.0,-1.0456914848459125,-0.7993538710049612,-0.09949676491732562,-0.986457437661221,0.21387584767866463,1,-0.375,0.0,0.0,0.0,1.0,0.0,0.0,0.0,1.0,0.0,0.0,0.0,0.0,0.0
Startup_255,-0.5,0.6116987859750403,-0.004488121694316129,0.17196261682243003,0.07717110920034394,-0.6103286384976525,0,-0.875,0.0,0.0,0.0,1.0,0.0,0.0,0.0,0.0,0.0,0.0,0.0,0.0,0.0
Startup_256,0.5,-0.5911197894558112,-0.24408425762888714,0.4798466331176612,0.43013757523645746,0.8899321857068336,1,-0.3125,1.0,0.0,0.0,0.0,0.0,0.0,0.0,0.0,0.0,1.0,0.0,0.0,0.0
Startup_257,-0.5,0.792291365990322,0.9868516762733206,0.6104001917086029,-0.018701633705932932,-1.0359937402190922,1,-0.875,0.0,0.0,0.0,1.0,0.0,0.0,0.0,0.0,0.0,0.0,0.0,0.0,0.0
Startup_258,1.0,-1.0538415824772902,-0.8122430073759703,0.6822909178049366,-0.8690885640584695,0.5456442357850808,0,0.625,0.0,0.0,0.0,0.0,0.0,1.0,0.0,0.0,1.0,0.0,0.0,1.0,-1.0
Startup_259,-0.5,0.07521860938959177,0.04193149761798463,-0.44725617062065653,-0.23366294067067928,0.24100156494522695,1,-0.9375,0.0,0.0,0.0,0.0,0.0,0.0,0.0,0.0,0.0,1.0,0.0,0.0,0.0
Startup_260,0.5,0.48292724339927007,0.5515172493365641,-0.8739995207284926,0.6051160791057609,-0.2785602503912363,0,-0.0625,0.0,0.0,0.0,0.0,0.0,0.0,1.0,0.0,0.0,0.0,1.0,0.0,-1.0
Startup_261,-1.0,-0.5299261397402156,-0.412679779874687,0.4823388449556673,-0.20700773860705074,-0.9462702138758476,1,-0.9375,0.0,1.0,0.0,0.0,0.0,0.0,0.0,1.0,0.0,0.0,0.0,1.0,-1.0
Startup_262,1.0,-0.6633160709737669,-0.4479426376577489,-0.730026359932902,0.5625537403267412,0.2451747522170057,0,0.8125,0.0,0.0,0.0,1.0,0.0,0.0,0.0,1.0,0.0,0.0,0.0,0.0,-1.0
Startup_263,-1.0,-0.8850666440275067,-0.6367179857630892,-0.33050563144021083,0.6992691315563199,-0.2535211267605633,0,0.1875,0.0,0.0,1.0,0.0,0.0,0.0,0.0,0.0,0.0,0.0,0.0,0.0,-1.0
Startup_264,-1.0,-0.3921215722896681,-0.08869224093387705,-0.9263359693266235,0.5608340498710233,0.8836724047991652,1,0.6875,0.0,0.0,0.0,1.0,0.0,0.0,0.0,0.0,0.0,1.0,0.0,0.0,0.0
Startup_265,-1.0,0.08262161473809317,0.2384523672166455,0.3719146896716991,0.6433791917454859,0.06990088680229524,1,0.5,0.0,0.0,1.0,0.0,0.0,0.0,0.0,0.0,0.0,0.0,1.0,1.0,-1.0
Startup_266,0.0,-0.8204771202988369,-0.5432901410146432,-0.6134675293553797,-0.9705503009458297,0.8899321857068336,1,0.9375,0.0,0.0,0.0,0.0,0.0,1.0,0.0,0.0,0.0,1.0,0.0,0.0,0.0
Startup_267,0.0,-0.28990576449613725,-0.4618551460395335,0.32130361849988026,-0.6721840068787618,-0.5957224830464266,0,-0.4375,0.0,0.0,1.0,0.0,0.0,0.0,0.0,1.0,0.0,0.0,0.0,0.0,0.0
Startup_268,-1.0,-1.0376772221750574,-0.805808472249395,0.9658279415288763,0.4795786758383491,0.44757433489827864,1,1.0,0.0,0.0,0.0,0.0,1.0,0.0,0.0,0.0,0.0,1.0,0.0,0.0,0.0
Startup_269,1.0,0.609117921725104,1.2898166124045394,-0.7944404505152168,-0.8467325881341359,0.22430881585811166,0,-0.25,0.0,1.0,0.0,0.0,0.0,0.0,0.0,0.0,0.0,0.0,1.0,0.0,-1.0
Startup_270,0.5,-0.7948722302402581,-0.6386643991953486,-0.7860052719865803,0.4434651762682717,0.47678664580073027,1,-0.0625,0.0,0.0,0.0,0.0,0.0,0.0,0.0,0.0,0.0,0.0,0.0,0.0,0.0
Startup_271,0.5,-0.4798030393072417,-0.6307784148770197,-0.2818116462976275,0.8746775580395528,-0.6061554512258737,0,0.3125,0.0,0.0,1.0,0.0,0.0,0.0,0.0,0.0,1.0,0.0,0.0,0.0,0.0
Startup_272,-0.5,-1.0186603277018422,-0.7982368571108468,0.7256170620656603,1.0303095442820291,0.32237871674491386,1,0.1875,0.0,0.0,1.0,0.0,0.0,0.0,0.0,0.0,0.0,1.0,0.0,0.0,0.0
Startup_273,1.0,-0.17689107734103057,-0.32371330199674586,-0.5208722741433022,-0.3708082545141874,-0.021909233176838714,1,0.625,0.0,0.0,0.0,0.0,0.0,0.0,0.0,0.0,1.0,0.0,0.0,0.0,0.0
Startup_274,0.0,0.6527888615332372,1.6254224335853302,-0.24346992571291629,0.9185296646603611,0.4830464267083986,1,-0.0625,0.0,1.0,0.0,0.0,0.0,0.0,0.0,1.0,0.0,0.0,0.0,0.0,0.0
Startup_275,-1.0,-0.25845997113507085,-0.038560389817782835,-0.8024922118380062,-0.5053740326741186,-0.37454355764214914,0,0.9375,0.0,0.0,0.0,1.0,0.0,0.0,0.0,0.0,0.0,0.0,0.0,0.0,0.0
Startup_276,-0.5,-0.6910264029204518,-0.3026505669514382,0.5279654924514738,0.1571367153912296,0.7876890975482524,0,0.5625,0.0,0.0,1.0,0.0,0.0,0.0,0.0,0.0,0.0,0.0,0.0,0.0,0.0
Startup_277,0.5,0.4769505051362595,0.680602585519286,-0.1516415049125329,-0.5879191745485812,-0.8774126238914971,1,0.5,0.0,0.0,0.0,0.0,0.0,0.0,0.0,0.0,0.0,1.0,0.0,0.0,0.0
Startup_278,0.0,0.548399694371339,0.5682189481006583,0.5204888569374552,0.04105760963026655,0.6165884194053207,0,-0.9375,0.0,0.0,0.0,0.0,1.0,0.0,0.0,0.0,0.0,0.0,0.0,0.0,-1.0
Startup_279,0.0,-0.7027082095254267,-0.580017825401364,0.7969326623532232,-0.63134135855546,0.7292644757433491,1,-0.3125,0.0,0.0,0.0,0.0,1.0,0.0,0.0,0.0,0.0,1.0,0.0,0.0,0.0
Startup_280,-1.0,0.5118600899906615,0.7725990471938369,-0.4878983944404504,-0.4787188306104901,0.6374543557642148,0,-0.5,0.0,0.0,0.0,0.0,0.0,1.0,0.0,0.0,0.0,1.0,0.0,0.0,-1.0
Startup_281,0.5,0.8708039731725956,0.07011770450300417,0.6127006949436857,0.3794067067927773,0.009389671361502332,0,-0.3125,0.0,0.0,0.0,0.0,0.0,0.0,0.0,0.0,1.0,0.0,0.0,0.0,0.0
Startup_282,1.0,-0.7177179726632142,-0.3538860545497413,-0.8205128205128205,-0.41809974204643163,-0.1450182576943139,1,0.5625,0.0,0.0,0.0,0.0,0.0,1.0,0.0,0.0,0.0,0.0,0.0,0.0,0.0
Startup_283,0.0,0.5121317599117073,1.1870045132043414,0.7877306494128925,-0.9739896818572656,1.0067814293166406,1,-0.5,0.0,0.0,0.0,0.0,1.0,0.0,0.0,0.0,0.0,1.0,0.0,0.0,0.0
Startup_284,-1.0,0.3851939893029969,0.15124501900428586,0.3126767313683202,1.0647033533963886,-0.5769431403234219,0,-0.4375,0.0,1.0,0.0,0.0,0.0,0.0,0.0,0.0,1.0,0.0,0.0,0.0,0.0
Startup_285,1.0,-0.09280923677731552,0.5564267595059051,0.7407620416966211,-0.688091143594153,0.07824726134585289,0,0.9375,0.0,0.0,0.0,1.0,0.0,0.0,0.0,0.0,0.0,0.0,1.0,0.0,0.0
Startup_286,0.5,-0.9383139485525088,-0.6637002255766082,-0.9332374790318715,0.6794926913155632,0.33489827856025045,0,0.1875,0.0,0.0,0.0,0.0,0.0,0.0,0.0,0.0,1.0,0.0,0.0,0.0,0.0
Startup_287,0.0,-0.9042193734612446,-0.6495469237805234,-0.6098250658998322,-0.10081685296646603,0.3974960876369327,1,-0.9375,0.0,0.0,0.0,0.0,0.0,0.0,1.0,0.0,1.0,0.0,0.0,0.0,0.0
Startup_288,1.0,0.6777824942694628,-0.05445944386754345,-0.1871075964533908,0.1274720550300946,-0.6291079812206571,0,-1.0,0.0,0.0,0.0,0.0,1.0,0.0,0.0,0.0,0.0,1.0,0.0,0.0,0.0
Startup_289,1.0,0.9579421003480773,0.9185466110835203,-0.2068535825545171,-0.9009028374892519,0.2994261867501305,1,0.4375,0.0,0.0,0.0,0.0,1.0,0.0,0.0,1.0,0.0,0.0,0.0,0.0,-1.0
Startup_290,1.0,0.3190423635283131,0.4141111629485823,-0.49940091061586384,-0.17777300085984524,0.6395409494001042,1,0.625,0.0,0.0,0.0,0.0,0.0,0.0,1.0,1.0,0.0,0.0,0.0,0.0,0.0
Startup_291,0.0,-0.14904491043382287,-0.2985102579666668,-0.2028277018931224,0.9684006878761823,-0.9462702138758476,0,-0.9375,1.0,0.0,0.0,0.0,0.0,0.0,0.0,1.0,0.0,0.0,0.0,0.0,0.0
Startup_292,0.0,0.2611087528652687,-0.3027575862466827,-0.6868919242751018,0.8308254514187446,0.8315075639019299,1,0.875,0.0,0.0,0.0,0.0,1.0,0.0,0.0,0.0,1.0,0.0,0.0,0.0,-1.0
Startup_293,-0.5,0.1529162068087275,0.6534263732331363,-0.14320632638389647,0.3205073086844368,-0.9900886802295252,0,-0.1875,0.0,0.0,1.0,0.0,0.0,0.0,0.0,0.0,0.0,1.0,0.0,0.0,0.0
Startup_294,0.5,-0.2758468460820104,-0.47317912521759187,0.6031152647975079,0.602536543422184,-0.3161189358372456,0,-0.9375,0.0,1.0,0.0,0.0,0.0,0.0,0.0,0.0,0.0,0.0,0.0,0.0,-1.0
Startup_295,-1.0,-0.9226250106121064,-0.6811309932895556,-0.016103522645578648,-0.2091573516766982,-1.0172143974960874,1,0.75,0.0,0.0,0.0,0.0,0.0,0.0,0.0,0.0,1.0,0.0,0.0,0.0,0.0
Startup_296,1.0,0.61489090754733,1.530048175404625,-0.8991133477114785,-0.20442820292347377,-0.8920187793427228,0,-0.125,0.0,0.0,0.0,0.0,0.0,0.0,1.0,0.0,1.0,0.0,0.0,0.0,0.0
Startup_297,-0.5,-0.2998217166143136,0.19331029074132597,-0.12652767792954697,0.2921324161650903,0.8315075639019299,0,-0.3125,0.0,0.0,1.0,0.0,0.0,0.0,0.0,0.0,0.0,1.0,0.0,0.0,0.0
Startup_298,-1.0,0.6093895916461499,0.223161985408588,-0.8816678648454348,0.07588134135855545,-0.3182055294731351,0,0.6875,0.0,0.0,0.0,0.0,0.0,0.0,1.0,0.0,0.0,0.0,1.0,0.0,-1.0
Startup_299,-0.5,-0.5424908735885899,-0.14470346458246583,0.9169422477833692,-0.2637575236457438,-0.17214397496087638,0,0.1875,0.0,0.0,0.0,0.0,0.0,0.0,0.0,0.0,1.0,0.0,0.0,1.0,-1.0
Startup_300,0.0,-1.0540453349180745,-0.8161224568285833,-0.6895758447160316,-0.5569647463456577,-0.6061554512258737,0,0.4375,0.0,0.0,0.0,0.0,0.0,1.0,0.0,0.0,0.0,0.0,1.0,0.0,-1.0
Startup_301,1.0,-0.7328635707615249,-0.7144006166986887,0.4217589264318236,-0.30932932072227,0.1825769431403234,1,0.25,0.0,0.0,0.0,0.0,0.0,0.0,0.0,0.0,0.0,0.0,1.0,0.0,0.0
Startup_302,-1.0,-0.10306477629679929,0.1459475638896832,0.9294033069734005,-1.0019346517626828,0.17840375586854468,1,-0.4375,1.0,0.0,0.0,0.0,0.0,0.0,0.0,1.0,0.0,0.0,0.0,0.0,0.0
Startup_303,-1.0,0.864691399949062,0.5803388832870975,0.6483584950874671,0.6382201203783319,-0.2827334376630151,1,-0.1875,0.0,0.0,0.0,0.0,0.0,0.0,0.0,0.0,0.0,1.0,0.0,0.0,0.0
Startup_304,-1.0,-0.8482553697257832,-0.6588241589370307,0.4056554037862448,-0.3183576956147893,-0.36202399582681266,0,0.0625,0.0,0.0,0.0,0.0,0.0,0.0,0.0,0.0,0.0,0.0,1.0,0.0,0.0
Startup_305,-1.0,0.6814500382035826,0.8579670012691819,0.6740474478792235,-0.7379621668099742,0.7772561293688053,0,0.4375,1.0,0.0,0.0,0.0,0.0,0.0,0.0,0.0,0.0,1.0,0.0,0.0,0.0
Startup_306,-1.0,0.015858731641056174,-0.25628445728675986,0.9466570812365207,-0.6674548581255374,-0.25978090766823153,0,-0.1875,0.0,1.0,0.0,0.0,0.0,0.0,0.0,1.0,0.0,0.0,0.0,0.0,0.0
Startup_307,-0.5,0.6238560149418458,0.10088575188579713,0.2563144021087947,0.31319862424763545,-0.03025560772039636,0,-0.3125,0.0,0.0,0.0,0.0,1.0,0.0,0.0,0.0,0.0,1.0,0.0,0.0,0.0
Startup_308,1.0,-0.4492401731895747,-0.28790865903150875,0.1372633596932663,-0.8394239036973344,-0.4663536776212832,0,0.3125,0.0,0.0,0.0,0.0,0.0,0.0,0.0,0.0,1.0,0.0,0.0,0.0,0.0
Startup_309,0.0,0.6523813566516683,1.214006819135719,0.26954229571052,1.0427773000859846,0.5748565466875325,0,-0.6875,1.0,0.0,0.0,0.0,0.0,0.0,0.0,0.0,0.0,0.0,1.0,0.0,0.0
Startup_310,0.0,0.515867221326089,0.8010929345526846,0.08646057991852393,-0.4430352536543422,-0.23056859676577976,0,0.3125,0.0,0.0,1.0,0.0,0.0,0.0,0.0,0.0,0.0,1.0,0.0,1.0,-1.0
Startup_311,0.0,-0.5881993378045675,-0.5128498402235365,0.2827701893122454,-0.9185296646603611,0.009389671361502332,0,-0.1875,0.0,0.0,0.0,0.0,0.0,1.0,0.0,0.0,0.0,0.0,0.0,0.0,-1.0
Startup_312,0.0,-0.7890313269377707,-0.6002511609085268,-0.07208243469925708,0.4782889079965606,-0.5268648930620761,1,-0.0625,0.0,0.0,0.0,0.0,0.0,1.0,0.0,0.0,0.0,1.0,0.0,0.0,0.0
Startup_313,-0.5,0.7095678750318366,0.061750133356075036,-0.515312724658519,0.3574806534823732,0.9900886802295255,1,0.5,0.0,0.0,0.0,0.0,0.0,0.0,0.0,0.0,0.0,0.0,1.0,0.0,-1.0
Startup_314,0.5,0.9032006112573225,-0.06474667362292082,-0.7033788641265276,-0.9705503009458297,-0.4475743348982784,1,0.9375,0.0,1.0,0.0,0.0,0.0,0.0,0.0,1.0,0.0,0.0,0.0,0.0,0.0
Startup_315,1.0,-0.9924441803209102,-0.7358512966892576,-0.8026839204409297,-0.4056319862424764,0.5414710485133021,1,1.0,0.0,1.0,0.0,0.0,0.0,0.0,0.0,1.0,0.0,0.0,0.0,0.0,0.0
Startup_316,-1.0,0.43137787588080495,0.09034435130421416,-0.4292355619458422,-0.17003439380911436,-0.16797078768909748,1,0.1875,0.0,0.0,1.0,0.0,0.0,0.0,0.0,0.0,0.0,0.0,1.0,0.0,0.0
Startup_317,0.5,0.7939213855165973,0.1192395610202283,-0.8452432302899592,0.7401117798796216,-0.6249347939488783,0,0.0625,0.0,0.0,0.0,0.0,0.0,0.0,0.0,0.0,1.0,0.0,0.0,0.0,0.0
Startup_318,0.0,0.6878342813481619,1.1267325838638313,0.15260004792715073,-0.1678847807394669,0.6019822639540948,0,-0.875,0.0,0.0,0.0,0.0,0.0,1.0,0.0,0.0,1.0,0.0,0.0,0.0,-1.0
Startup_319,0.5,0.9057814755072588,1.1984020681478806,-0.3901270069494368,-0.35189165950128976,-0.36202399582681266,1,0.375,0.0,1.0,0.0,0.0,0.0,0.0,0.0,1.0,0.0,0.0,0.0,0.0,0.0
Startup_320,1.0,0.4899906613464642,0.7995812870073559,0.6454828660436137,-0.16831470335339638,0.7376108502869065,1,0.9375,0.0,0.0,0.0,0.0,0.0,0.0,0.0,1.0,0.0,0.0,0.0,0.0,0.0
Startup_321,-1.0,-0.15644791578232448,-0.3066370356992958,-0.7913731128684399,0.5010748065348237,0.8398539384454877,1,-0.0625,0.0,0.0,0.0,0.0,0.0,0.0,1.0,0.0,0.0,0.0,1.0,0.0,0.0
Startup_322,-1.0,-0.42159775872315136,-0.4538688311319129,-0.500167745027558,0.9292777300085985,0.72509128847157,1,-0.75,0.0,1.0,0.0,0.0,0.0,0.0,0.0,0.0,1.0,0.0,0.0,0.0,0.0
Startup_323,1.0,-0.40373546141438155,-0.452858836533043,0.4648933620896238,0.4748495270851247,-0.9775691184141887,0,-0.8125,1.0,0.0,0.0,0.0,0.0,0.0,0.0,1.0,0.0,0.0,0.0,0.0,0.0
Startup_324,1.0,0.4173868749469396,-0.0781173968225302,0.21317996645099457,0.5401977644024075,0.5748565466875325,1,0.25,0.0,0.0,0.0,0.0,0.0,0.0,1.0,0.0,1.0,0.0,0.0,0.0,0.0
Startup_325,0.0,0.46098989727481116,0.8098016297032055,-0.8101605559549484,0.29299226139294926,-0.20135628586332807,1,-0.1875,0.0,0.0,0.0,0.0,1.0,0.0,0.0,1.0,0.0,0.0,0.0,0.0,0.0
Startup_326,-1.0,-0.6485779777570253,-0.2844639754658265,0.7465132997843278,-0.2908426483233018,0.7543035993740219,0,0.875,0.0,1.0,0.0,0.0,0.0,0.0,0.0,0.0,0.0,1.0,0.0,0.0,-1.0
Startup_327,0.5,0.7097037099923594,1.2194447370753296,0.7465132997843278,0.5801805674978504,0.2681272822117893,1,-0.1875,0.0,0.0,0.0,0.0,0.0,1.0,0.0,0.0,0.0,0.0,0.0,0.0,0.0
Startup_328,-0.5,0.3980983105526786,0.9774005347620408,-0.3007907979870596,-0.2091573516766982,0.6708398539384454,0,-0.6875,0.0,0.0,0.0,1.0,0.0,0.0,0.0,0.0,0.0,1.0,0.0,0.0,0.0
Startup_329,-0.5,0.08853043552084217,0.07067955580303772,-0.281619937694704,0.8604901117798797,-0.019822639540949347,1,-0.3125,0.0,0.0,0.0,0.0,0.0,0.0,1.0,1.0,0.0,0.0,0.0,0.0,0.0
Startup_330,1.0,-0.09702012055352745,0.21064741657093458,0.9604601006470167,-0.781384350816853,0.05529473135106949,1,-0.0625,0.0,0.0,0.0,0.0,1.0,0.0,0.0,0.0,0.0,0.0,0.0,0.0,0.0
Startup_331,0.0,0.04886662704813648,-0.026246482158712964,0.2655164150491254,-0.9052020636285468,-0.7522170057381323,0,0.0,0.0,0.0,1.0,0.0,0.0,0.0,0.0,0.0,0.0,0.0,0.0,0.0,0.0
Startup_332,-0.5,-0.7322523134391715,-0.5177861052166889,0.08396836808051766,-0.1433791917454858,0.5685967657798644,1,0.375,0.0,0.0,1.0,0.0,0.0,0.0,0.0,1.0,0.0,0.0,0.0,0.0,0.0
Startup_333,-1.0,-0.6417862297308771,-0.45653762480707255,0.6715552360412174,0.07287188306104901,-0.18466353677621278,0,-0.1875,0.0,0.0,0.0,0.0,0.0,1.0,0.0,1.0,0.0,0.0,0.0,0.0,0.0
Startup_334,1.0,-0.8707360556923338,-0.7224939509015538,-0.3872513779055834,-0.18379191745485812,-0.01773604590505998,1,-0.625,0.0,1.0,0.0,0.0,0.0,0.0,0.0,0.0,1.0,0.0,0.0,0.0,-1.0
Startup_335,0.5,-0.7435945326428389,-0.5798706738704029,-0.1115744069015097,0.5844797936371453,0.5706833594157538,0,0.9375,0.0,0.0,0.0,0.0,0.0,0.0,0.0,1.0,0.0,0.0,0.0,0.0,0.0
Startup_336,1.0,-0.13328805501315902,0.5109569364388995,-0.42080038341720577,0.32738607050730867,0.1867501304121023,1,-0.125,0.0,1.0,0.0,0.0,0.0,0.0,0.0,0.0,0.0,0.0,1.0,0.0,-1.0
Startup_337,0.5,0.022650479667204404,-0.1800934077786305,0.5778097292115983,1.0694325021496132,-0.6353677621283255,0,0.0,0.0,0.0,0.0,0.0,0.0,1.0,0.0,1.0,0.0,0.0,0.0,0.0,-1.0
Startup_338,1.0,-1.0198149248662876,-0.799728438538317,0.16448598130841133,0.921969045571797,0.16797078768909765,1,-0.75,0.0,0.0,1.0,0.0,0.0,0.0,0.0,0.0,0.0,0.0,1.0,0.0,0.0
Startup_339,1.0,0.5646319721538331,0.4655540004314215,0.32820512820512826,0.7628976784178848,-0.20761606677099637,0,0.625,0.0,1.0,0.0,0.0,0.0,0.0,0.0,1.0,0.0,0.0,0.0,0.0,0.0
Startup_340,1.0,-0.4577977757025215,-0.0779167356439468,-0.45032350826743345,-0.7534393809114359,-0.08033385498174225,1,0.375,0.0,0.0,1.0,0.0,0.0,0.0,0.0,0.0,1.0,0.0,0.0,0.0,0.0
Startup_341,0.5,0.7986076916546395,1.0096133426306346,-0.5118619698058949,-0.46883061049011177,-0.9921752738654146,1,-0.1875,0.0,0.0,0.0,0.0,0.0,0.0,1.0,0.0,0.0,0.0,1.0,1.0,-1.0
Startup_342,0.5,0.911894048730792,1.3512724426986922,0.001725377426312071,0.32996560619088566,-0.6165884194053207,1,-0.125,0.0,0.0,0.0,0.0,1.0,0.0,0.0,0.0,0.0,1.0,0.0,0.0,0.0
Startup_343,1.0,-0.6789370914339079,-0.6199694660573254,0.47888809010304345,-0.09221840068787618,-0.470526864893062,1,1.0,0.0,0.0,0.0,0.0,0.0,0.0,0.0,0.0,0.0,0.0,1.0,0.0,0.0
Startup_344,-0.5,-0.11617284998726542,0.1510176030018912,0.07227414330218074,0.6072656921754084,0.4225352112676057,1,0.875,0.0,0.0,0.0,0.0,0.0,0.0,1.0,0.0,1.0,0.0,0.0,0.0,0.0
Startup_345,0.0,-1.0536378300365057,-0.8137412775093933,-0.8711238916846393,0.6154342218400688,-1.0276473656755345,0,0.0,0.0,0.0,1.0,0.0,0.0,0.0,0.0,0.0,0.0,0.0,1.0,0.0,0.0
Startup_346,0.0,0.16093046947958228,0.7461987247982101,0.7298346513299786,0.7405417024935511,-0.2055294731351068,0,0.6875,0.0,0.0,1.0,0.0,0.0,0.0,0.0,1.0,0.0,0.0,0.0,0.0,0.0
Startup_347,0.0,0.179200271669921,0.4694936482376096,-0.8097771387491013,0.3162080825451419,0.8586332811684924,0,0.125,0.0,0.0,0.0,1.0,0.0,0.0,0.0,1.0,0.0,0.0,0.0,0.0,0.0
Startup_348,0.5,-0.5526105781475508,-0.5488417669554515,0.8970045530793195,0.14595872742906277,-0.8189880020865935,1,0.375,0.0,0.0,0.0,1.0,0.0,0.0,0.0,0.0,1.0,0.0,0.0,0.0,0.0
Startup_349,0.5,0.07970116308684957,-0.3941587530914362,-0.8855020369039059,0.5444969905417025,0.015649452269170614,1,0.9375,0.0,0.0,0.0,0.0,0.0,0.0,1.0,0.0,0.0,0.0,0.0,0.0,-1.0
Startup_350,-0.5,-0.5973681976398676,-0.6579144949274525,0.39645339084591436,0.0088134135855546,0.5748565466875325,0,-0.25,1.0,0.0,0.0,0.0,0.0,0.0,0.0,1.0,0.0,0.0,0.0,0.0,0.0
Startup_351,0.0,-0.7289922743866203,-0.5749946072308254,-0.776228133237479,-0.14638865004299226,0.8961919666145017,1,0.1875,0.0,0.0,0.0,0.0,0.0,0.0,1.0,0.0,0.0,1.0,0.0,0.0,0.0
Startup_352,0.0,0.26912301553612367,-0.007752210199273217,0.8105439731607956,0.5088134135855547,0.4913928012519562,1,-0.75,0.0,0.0,0.0,1.0,0.0,0.0,0.0,0.0,1.0,0.0,0.0,0.0,0.0
Startup_353,1.0,-0.3932082519738518,-0.11210271176861084,-0.04409297867241787,0.10898538263112639,0.4371413667188316,1,-0.5,0.0,0.0,1.0,0.0,0.0,0.0,0.0,0.0,0.0,0.0,1.0,0.0,-1.0
Startup_354,0.5,0.14449443925630365,0.24849880355772266,-0.6702132758207523,0.5909286328460877,0.6562336984872195,0,0.75,0.0,0.0,0.0,0.0,0.0,1.0,0.0,0.0,0.0,0.0,1.0,0.0,0.0
Startup_355,0.0,-0.17485355293318622,-0.2782367902237873,-0.2808531032830098,0.5470765262252795,-0.12832550860719877,0,-0.6875,0.0,0.0,0.0,0.0,0.0,0.0,1.0,0.0,0.0,1.0,0.0,0.0,0.0
Startup_356,-0.5,0.9461244587825793,0.12856361711840517,-0.6178768272226215,-0.11586414445399829,0.6145018257694314,0,0.5,0.0,0.0,1.0,0.0,0.0,0.0,0.0,1.0,0.0,0.0,0.0,0.0,0.0
Startup_357,-0.5,-0.7518804652347398,-0.6805958968133332,-0.6069494368559788,0.12919174548581255,-1.0339071465832028,1,0.875,0.0,0.0,0.0,0.0,0.0,1.0,0.0,0.0,1.0,0.0,0.0,0.0,-1.0
Startup_358,0.0,-0.11107903896765424,0.43166901607463265,0.8822429906542055,-0.34157351676698194,0.8586332811684924,0,0.3125,0.0,0.0,0.0,0.0,0.0,1.0,0.0,0.0,0.0,1.0,0.0,0.0,0.0
Startup_359,0.5,0.3280074709228289,-0.008541477501701427,-0.0809010304337407,0.41723989681857265,-0.13458528951486687,0,-0.9375,0.0,0.0,0.0,1.0,0.0,0.0,0.0,1.0,0.0,0.0,0.0,0.0,0.0
Startup_360,-0.5,-0.2515323881483997,0.04330268233830472,0.5770428947999043,0.6756233877901978,0.09285341679707881,1,-0.75,0.0,0.0,0.0,0.0,0.0,0.0,1.0,0.0,1.0,0.0,0.0,0.0,0.0
Startup_361,1.0,0.926496306987011,1.6717818545440557,0.29139707644380547,-0.4159501289767842,-0.5247782994261866,1,0.625,0.0,1.0,0.0,0.0,0.0,0.0,0.0,0.0,0.0,0.0,1.0,1.0,-1.0
Startup_362,-0.5,0.41229306392732845,0.6852445474505161,0.36175413371675064,0.9752794496990542,0.4830464267083986,1,0.5,0.0,0.0,0.0,0.0,0.0,0.0,0.0,0.0,1.0,0.0,0.0,0.0,0.0
Startup_363,-1.0,0.2802614822990068,0.9391143818883221,-0.6813323747903187,-1.0573946689595872,-0.8920187793427228,0,-0.5625,0.0,0.0,0.0,1.0,0.0,0.0,0.0,0.0,0.0,0.0,0.0,0.0,0.0
Startup_364,-1.0,0.4838101706426693,0.3539328754914109,-0.4850227653965971,0.6592863284608771,0.7522170057381325,0,-1.0,0.0,0.0,0.0,1.0,0.0,0.0,0.0,0.0,1.0,0.0,0.0,0.0,-1.0
Startup_365,0.5,0.8816707700144325,1.949470170879715,0.5732087227414331,0.03202923473774721,0.6604068857589985,1,0.1875,0.0,1.0,0.0,0.0,0.0,0.0,0.0,0.0,0.0,0.0,0.0,0.0,-1.0
Startup_366,0.0,0.7904575940232618,0.01993234373928774,0.9255691349149293,0.13392089423903697,-0.6040688575899842,0,0.375,0.0,0.0,0.0,0.0,0.0,0.0,0.0,0.0,1.0,0.0,0.0,0.0,0.0
Startup_367,0.5,0.41711520502589355,-0.20320957555144195,-0.4305775221663071,0.6038263112639725,0.6207616066770995,0,0.9375,0.0,0.0,1.0,0.0,0.0,0.0,0.0,0.0,0.0,0.0,0.0,1.0,-1.0
Startup_368,0.5,0.467713727820698,0.8223563307765756,-0.41351545650611066,0.5234307824591573,0.5727699530516431,0,-0.375,1.0,0.0,0.0,0.0,0.0,0.0,0.0,0.0,0.0,0.0,1.0,0.0,-1.0
Startup_369,0.5,-0.7593513880635029,-0.3945667641545559,-0.027989456026839082,-0.7620378331900258,0.25560772039645285,0,0.4375,0.0,0.0,0.0,0.0,0.0,0.0,1.0,1.0,0.0,0.0,0.0,0.0,0.0
Startup_370,0.5,-0.8470328550810766,-0.5518115523984863,0.9506829618979152,0.897463456577816,-0.2785602503912363,0,-0.375,1.0,0.0,0.0,0.0,0.0,0.0,0.0,0.0,0.0,0.0,0.0,0.0,0.0
Startup_371,1.0,0.10517021818490545,-0.36844736740894574,-0.41849988018212314,-0.6532674118658641,-0.4893062076160667,0,0.75,0.0,0.0,1.0,0.0,0.0,0.0,0.0,0.0,0.0,0.0,0.0,0.0,-1.0
Startup_372,1.0,-1.0187961626623654,-0.7922571539890606,-0.15413371675053916,0.5273000859845228,-0.572769953051643,0,0.5625,0.0,0.0,0.0,0.0,1.0,0.0,0.0,0.0,0.0,0.0,1.0,0.0,0.0
Startup_373,-0.5,-0.0749469394685457,0.5556642470272882,0.7737359213994728,0.8213671539122958,-0.3933229003651538,0,-0.0625,0.0,0.0,0.0,1.0,0.0,0.0,0.0,0.0,0.0,0.0,0.0,0.0,-1.0
Startup_374,-1.0,-0.6282706511588421,-0.5613496470871521,-0.9280613467529355,0.8858555460017197,0.8169014084507044,1,0.1875,0.0,0.0,0.0,0.0,0.0,0.0,0.0,0.0,0.0,1.0,0.0,0.0,-1.0
Startup_375,0.5,-0.3523219288564395,0.044098638346685703,-0.8575125808770667,-0.12231298366294067,-0.8899321857068334,0,-0.875,0.0,0.0,0.0,1.0,0.0,0.0,0.0,0.0,0.0,0.0,1.0,0.0,-1.0
Startup_376,-0.5,0.5219118770693608,1.1916264090177133,0.22334052240594307,0.8316852966466036,0.6624934793948879,1,-1.0,0.0,0.0,0.0,0.0,0.0,1.0,0.0,0.0,0.0,1.0,0.0,0.0,0.0
Startup_377,-1.0,0.8584429917650055,0.8719463967104945,0.8042175892643183,0.7861134995700774,-0.33072509128847155,0,-1.0,0.0,0.0,0.0,1.0,0.0,0.0,0.0,0.0,0.0,0.0,1.0,0.0,-1.0
Startup_378,0.0,-0.9088377621190254,-0.7044076900052337,-0.4762041696621135,0.23151332760103183,0.026082420448617628,0,0.0,0.0,0.0,0.0,1.0,0.0,0.0,0.0,0.0,0.0,0.0,0.0,0.0,-1.0
Startup_379,1.0,0.030596824857797748,0.08423756276932495,-0.03412413132039289,0.46582115219260534,0.5915492957746479,1,-0.9375,0.0,0.0,1.0,0.0,0.0,0.0,0.0,0.0,0.0,1.0,0.0,0.0,0.0
Startup_380,-1.0,0.7390440614653198,0.19607272629982464,-0.07093218308171571,0.2684866723989682,0.7772561293688053,0,0.75,0.0,0.0,1.0,0.0,0.0,0.0,0.0,0.0,0.0,0.0,0.0,0.0,0.0
Startup_381,0.0,-0.8883266830800578,-0.5871948068886982,-0.027797747423915567,0.34114359415305245,-0.3390714658320292,0,0.1875,0.0,0.0,1.0,0.0,0.0,0.0,0.0,0.0,0.0,0.0,1.0,1.0,-1.0
Startup_382,-1.0,0.6210034807708635,0.5737304418057501,0.2586149053438773,-0.7947119518486673,-0.09702660406885755,0,-0.6875,1.0,0.0,0.0,0.0,0.0,0.0,0.0,0.0,0.0,0.0,0.0,0.0,0.0
Startup_383,1.0,-0.3283470583241362,0.16084331204652663,-0.03393242271746937,0.954213241616509,-0.19509650495565978,1,-0.5625,0.0,0.0,0.0,0.0,0.0,1.0,0.0,0.0,0.0,1.0,0.0,0.0,-1.0
Startup_384,1.0,-0.40095084472366077,-0.5409022729895003,-0.07668344116942248,-0.9877472055030094,-1.0234741784037555,0,0.75,0.0,0.0,0.0,0.0,1.0,0.0,0.0,0.0,0.0,1.0,0.0,0.0,0.0
Startup_385,-0.5,0.9321334578487139,2.0968491178432935,-0.025305535585909422,0.6468185726569218,-0.4392279603547209,0,1.0,0.0,0.0,0.0,0.0,1.0,0.0,0.0,0.0,0.0,0.0,0.0,0.0,0.0
Startup_386,0.5,-0.647559215553103,-0.480202266468012,0.19803498682003365,-0.8613499570077386,-0.10119979134063628,1,-0.875,0.0,0.0,1.0,0.0,0.0,0.0,0.0,0.0,1.0,0.0,0.0,0.0,0.0
Startup_387,-1.0,0.3538840309024537,-0.3202552410191581,0.09489575844716037,-0.12360275150472914,-0.20135628586332807,0,-0.75,0.0,0.0,0.0,0.0,0.0,0.0,0.0,0.0,0.0,0.0,1.0,0.0,0.0
Startup_388,-1.0,0.6147550725868072,-0.24784331037435012,0.7022286125089865,0.07115219260533104,0.4413145539906103,0,0.625,1.0,0.0,0.0,0.0,0.0,0.0,0.0,0.0,0.0,0.0,1.0,0.0,0.0
Startup_389,0.0,-0.9724085236437728,-0.715156440471353,-0.8389168463934819,0.337274290627687,-0.2556077203964527,0,-0.3125,0.0,1.0,0.0,0.0,0.0,0.0,0.0,0.0,0.0,0.0,0.0,0.0,-1.0
Startup_390,1.0,0.3074963918838612,0.6508579101472687,0.6623532231008866,-0.5973774720550301,-0.04068857589984338,1,0.1875,0.0,0.0,0.0,0.0,0.0,0.0,0.0,0.0,1.0,0.0,0.0,0.0,0.0
Startup_391,-1.0,0.8794294931658038,1.5931761821869725,0.6826743350107836,-0.5376182287188306,-0.16379760041731875,0,0.1875,0.0,0.0,0.0,0.0,0.0,0.0,1.0,0.0,0.0,1.0,0.0,0.0,-1.0
Startup_392,1.0,-0.8034977502334664,-0.7102134867722478,-0.3880182123172777,-0.8497420464316423,0.47887323943661964,0,-0.5,0.0,0.0,0.0,0.0,0.0,0.0,1.0,1.0,0.0,0.0,0.0,0.0,0.0
Startup_393,-1.0,0.7668902283725276,-0.20135011529656882,-0.047160316319194706,-0.9026225279449699,0.7313510693792384,0,-0.8125,0.0,0.0,0.0,0.0,0.0,0.0,0.0,1.0,0.0,0.0,0.0,0.0,0.0
Startup_394,-0.5,0.15373121657186514,0.26993610613638613,-0.09374550682961899,-0.8003009458297506,0.04903495044340121,1,0.125,0.0,0.0,1.0,0.0,0.0,0.0,0.0,0.0,0.0,0.0,0.0,0.0,0.0
Startup_395,0.5,0.1980813311826131,0.12988129219110306,-0.5151210160555955,0.5264402407566638,0.5811163275952008,0,0.625,0.0,1.0,0.0,0.0,0.0,0.0,0.0,0.0,1.0,0.0,0.0,0.0,0.0
Startup_396,-1.0,0.1906783258341117,0.23415821799496014,-0.17368799424874182,-0.277085124677558,-0.4371413667188314,1,-0.25,0.0,1.0,0.0,0.0,0.0,0.0,0.0,0.0,1.0,0.0,0.0,0.0,0.0
Startup_397,1.0,-0.44828932846591396,0.0791541462452114,-0.8486939851425832,0.07029234737747206,0.06781429316640587,0,-0.25,1.0,0.0,0.0,0.0,0.0,0.0,0.0,0.0,0.0,0.0,1.0,0.0,0.0
Startup_398,-0.5,0.8461499278376772,1.9315511276322146,-0.4016295231248501,-0.6502579535683577,-0.3369848721961397,1,0.3125,0.0,1.0,0.0,0.0,0.0,0.0,0.0,0.0,0.0,1.0,0.0,1.0,-1.0
Startup_399,-1.0,0.8708718906528571,1.9023482374423724,0.6305295950155764,0.8759673258813414,-0.19509650495565978,1,0.6875,0.0,0.0,0.0,0.0,0.0,0.0,1.0,0.0,1.0,0.0,0.0,0.0,0.0
Startup_400,0.0,0.21580779353086008,0.7404665037966767,-0.3885933381260483,0.3914445399828031,0.46218049034950437,0,0.3125,0.0,0.0,0.0,0.0,0.0,1.0,0.0,1.0,0.0,0.0,0.0,0.0,0.0
Startup_401,0.5,0.5374649800492401,0.3237935664681794,0.6334052240594298,0.5930782459157352,0.7709963484611372,0,0.125,0.0,0.0,1.0,0.0,0.0,0.0,0.0,0.0,0.0,1.0,0.0,0.0,0.0
Startup_402,-1.0,0.1892520587486205,0.1594386837964427,0.08454349388928835,-0.9520636285468616,-0.8002086593635889,0,-0.5625,0.0,1.0,0.0,0.0,0.0,0.0,0.0,0.0,0.0,1.0,0.0,0.0,0.0
Startup_403,-0.5,-0.0708039731725952,0.11659752216887989,0.7514977234603403,-0.9714101461736887,0.2597809076682316,0,-0.5625,1.0,0.0,0.0,0.0,0.0,0.0,0.0,0.0,0.0,0.0,0.0,1.0,-1.0
Startup_404,0.0,0.28807199252907717,0.9031224551564071,0.1671699017493411,-0.40391229578675836,0.15127803860198236,1,0.5625,0.0,0.0,0.0,0.0,0.0,0.0,1.0,0.0,1.0,0.0,0.0,0.0,0.0
Startup_405,-0.5,0.06869853128448941,-0.39279425707706883,-0.8768751497723459,0.33469475494411005,-0.8064684402712571,0,0.5625,0.0,0.0,0.0,0.0,0.0,1.0,0.0,0.0,0.0,0.0,0.0,0.0,0.0
Startup_406,-0.5,0.1591646149927838,0.15341884843893971,0.3598370476875149,-0.03546861564918315,-0.6124152321335419,0,0.375,0.0,0.0,0.0,1.0,0.0,0.0,0.0,0.0,1.0,0.0,0.0,0.0,-1.0
Startup_407,0.0,0.538279989812378,-0.18966494599706027,-0.8477354421279655,0.4387360275150473,-0.40792905581637967,0,-0.25,0.0,0.0,0.0,1.0,0.0,0.0,0.0,0.0,0.0,0.0,1.0,0.0,0.0
Startup_408,-0.5,-0.0779353086000509,0.06930168237676486,-0.07074047447879218,-1.0604041272570937,-0.7063119457485654,1,0.6875,0.0,0.0,0.0,0.0,0.0,1.0,0.0,0.0,0.0,0.0,0.0,0.0,0.0
Startup_409,0.0,-0.9732235334069106,-0.7005416179645263,0.8463934819075006,-0.8733877901977644,-0.5477308294209702,0,-0.5,0.0,0.0,0.0,0.0,0.0,0.0,1.0,0.0,0.0,0.0,0.0,0.0,0.0
Startup_410,-1.0,-0.7225401137617795,-0.406539547810034,-0.6173017014138509,0.5470765262252795,-0.4976525821596243,0,0.1875,1.0,0.0,0.0,0.0,0.0,0.0,0.0,1.0,0.0,0.0,0.0,0.0,0.0
Startup_411,0.0,-0.1639867560913489,-0.31201475528533174,-0.18691588785046728,0.40391229578675836,-0.3578508085550339,0,0.125,0.0,0.0,0.0,0.0,0.0,1.0,0.0,0.0,0.0,0.0,0.0,1.0,-1.0
Startup_412,0.0,0.4182698021903388,1.3234139824053588,0.46412652767792967,0.426268271711092,0.4976525821596243,1,-0.3125,0.0,0.0,1.0,0.0,0.0,0.0,0.0,0.0,1.0,0.0,0.0,0.0,0.0
Startup_413,0.5,0.1506749299600985,0.4942753037926635,0.7560987299305055,-0.2138865004299226,0.13041210224308813,1,-0.125,0.0,0.0,1.0,0.0,0.0,0.0,0.0,1.0,0.0,0.0,0.0,0.0,0.0
Startup_414,0.0,0.26661006876644877,-0.4095962864304549,0.35140186915887844,-0.8604901117798797,0.9859154929577463,0,0.875,0.0,0.0,0.0,1.0,0.0,0.0,0.0,0.0,0.0,0.0,0.0,0.0,0.0
Startup_415,0.0,-0.08126326513286361,-0.23342246034015407,-0.43920440929786714,-0.6102751504729149,-0.1930099113197704,0,-0.1875,0.0,1.0,0.0,0.0,0.0,0.0,0.0,0.0,0.0,0.0,0.0,0.0,0.0
Startup_416,-1.0,0.19631547669581462,-0.05976358768809889,0.3583033788641265,0.29299226139294926,0.505998956703182,0,-0.375,1.0,0.0,0.0,0.0,0.0,0.0,0.0,0.0,0.0,0.0,1.0,0.0,-1.0
Startup_417,0.5,-0.3868919263095339,-0.5639582424087366,-0.36539659717229805,-0.9787188306104901,0.7501304121022432,0,0.5625,0.0,0.0,0.0,1.0,0.0,0.0,0.0,0.0,0.0,0.0,0.0,0.0,-1.0
Startup_418,1.0,-0.09973681976398678,0.5545539218391267,0.4422717469446443,-0.33039552880481515,0.3515910276473658,1,0.625,0.0,1.0,0.0,0.0,0.0,0.0,0.0,0.0,0.0,1.0,0.0,0.0,0.0
Startup_419,-1.0,0.4577977757025215,0.4881484491399161,0.8935537982266953,-0.38671539122957865,-0.1992696922274387,1,-0.375,0.0,1.0,0.0,0.0,0.0,0.0,0.0,1.0,0.0,0.0,0.0,0.0,0.0
Startup_420,-1.0,0.7172425503013841,1.5882332284878673,0.44802300503235093,0.04922613929492691,0.505998956703182,0,0.125,0.0,0.0,0.0,0.0,1.0,0.0,0.0,0.0,0.0,1.0,0.0,0.0,0.0
Startup_421,1.0,-0.1740385431700484,-0.2189280345404775,0.7189072609633357,-1.0032244196044713,-0.6291079812206571,1,-0.6875,0.0,0.0,1.0,0.0,0.0,0.0,0.0,1.0,0.0,0.0,0.0,0.0,-1.0
Startup_422,0.0,-0.9673147126241617,-0.7768463754738528,-0.9295950155763238,0.9843078245915735,-0.37454355764214914,0,0.6875,0.0,0.0,0.0,0.0,0.0,0.0,1.0,0.0,0.0,0.0,1.0,0.0,0.0
Startup_423,-0.5,-0.7272943373800832,-0.5333373465569049,0.44073807812125587,0.3531814273430782,0.07824726134585289,1,-1.0,0.0,0.0,0.0,0.0,0.0,0.0,0.0,0.0,0.0,0.0,0.0,0.0,0.0
Startup_424,0.5,-1.0137023516427541,-0.7980295072263106,0.6552600047927152,0.1502579535683577,0.1387584767866458,1,-0.5625,0.0,0.0,0.0,0.0,0.0,0.0,1.0,0.0,0.0,0.0,0.0,0.0,0.0
Startup_425,-0.5,0.2726547245097208,0.34102367300254344,-0.8559789120536784,-0.307609630266552,-1.004694835680751,0,-0.625,0.0,0.0,0.0,0.0,0.0,0.0,0.0,0.0,0.0,0.0,0.0,0.0,-1.0
Startup_426,1.0,-0.3801680957636472,0.1218682224596713,0.7355859094176852,-0.18895098882201203,0.9024517475221702,1,-0.375,0.0,0.0,0.0,0.0,0.0,1.0,0.0,1.0,0.0,0.0,0.0,0.0,0.0
Startup_427,-1.0,0.04730452500212245,0.1904742794173468,-0.44208003834172055,-0.08447979363714532,0.3891497130933751,0,-0.8125,0.0,0.0,1.0,0.0,0.0,0.0,0.0,0.0,0.0,0.0,0.0,0.0,0.0
Startup_428,-1.0,-0.05273792342304092,0.2132493231865665,0.3404744787922359,-0.34200343938091143,-0.026082420448617628,0,0.5,0.0,1.0,0.0,0.0,0.0,0.0,0.0,0.0,0.0,1.0,0.0,0.0,0.0
Startup_429,0.5,-0.8902962900076407,-0.7364131479892914,0.5992810927390367,0.2156061908856406,0.8774126238914971,0,-0.3125,1.0,0.0,0.0,0.0,0.0,0.0,0.0,0.0,0.0,0.0,0.0,0.0,0.0
Startup_430,-1.0,-0.23584345020799727,-0.5318123215996708,0.3354900551162233,-0.009673258813413585,-0.14293166405842453,0,0.5625,0.0,0.0,0.0,0.0,0.0,0.0,0.0,0.0,0.0,0.0,1.0,0.0,0.0
Startup_431,-1.0,-0.6074879021988284,-0.624992684227864,-0.7568655643421998,-0.23452278589853826,0.9754825247782994,1,-0.3125,0.0,0.0,0.0,0.0,0.0,0.0,1.0,0.0,0.0,1.0,0.0,0.0,0.0
Startup_432,0.5,-0.20507683164954577,0.03910886370591099,0.20838725137790567,0.5664230438521066,0.007303077725612966,1,0.4375,0.0,1.0,0.0,0.0,0.0,0.0,0.0,0.0,0.0,0.0,0.0,0.0,0.0
Startup_433,0.5,-0.642057899651923,-0.6475269345827835,0.1188593338126049,0.12532244196044712,-0.8148148148148147,1,-0.0625,0.0,0.0,0.0,0.0,0.0,0.0,0.0,0.0,0.0,0.0,0.0,0.0,-1.0
Startup_434,1.0,0.653468036335852,0.4495345496745109,0.7906062784567459,0.4954858125537403,0.5289514866979655,1,-0.25,0.0,0.0,0.0,0.0,0.0,0.0,0.0,0.0,1.0,0.0,0.0,0.0,0.0
Startup_435,-1.0,-0.7018252822820273,-0.47950664104892277,-0.15950155763239876,0.003654342218400688,0.3515910276473658,1,0.5,0.0,0.0,0.0,0.0,1.0,0.0,0.0,1.0,0.0,0.0,0.0,1.0,-1.0
Startup_436,-1.0,0.8981747177179727,0.6598542196537591,-0.31861969805895035,0.49591573516766985,0.5456442357850808,0,-0.8125,0.0,0.0,0.0,0.0,0.0,0.0,0.0,0.0,0.0,1.0,0.0,0.0,0.0
Startup_437,1.0,-0.21017064266915694,-0.40249956941455417,0.5024682482626409,0.06599312123817713,0.9149713093375064,0,-0.375,1.0,0.0,0.0,0.0,0.0,0.0,0.0,0.0,1.0,0.0,0.0,0.0,0.0
Startup_438,0.0,0.6652177604210884,0.24990343180780678,-0.14320632638389647,-0.06126397248495271,0.5539906103286385,0,0.9375,0.0,0.0,1.0,0.0,0.0,0.0,0.0,0.0,0.0,0.0,1.0,0.0,0.0
Startup_439,0.0,0.22287121147805417,0.9680564125460058,0.30385813563383673,-0.24054170249355117,0.21178925404277527,1,-0.625,1.0,0.0,0.0,0.0,0.0,0.0,0.0,1.0,0.0,0.0,0.0,0.0,0.0
Startup_440,0.0,0.4396638084727058,0.8228713611349397,0.3044332614426074,0.34501289767841786,0.7209181011997913,1,-0.375,0.0,0.0,0.0,1.0,0.0,0.0,0.0,0.0,0.0,1.0,0.0,0.0,-1.0
Startup_441,1.0,0.5054758468460822,0.5620920934479109,0.7672178289000718,-0.3157781599312124,0.34115805946791855,0,0.6875,0.0,1.0,0.0,0.0,0.0,0.0,0.0,0.0,0.0,0.0,0.0,0.0,0.0
Startup_442,-1.0,-0.029238475252568178,-0.49786045018335406,0.2129882578480709,-0.5913585554600171,-0.20761606677099637,1,0.375,0.0,0.0,1.0,0.0,0.0,0.0,0.0,0.0,0.0,1.0,0.0,0.0,0.0
Startup_443,1.0,0.04900246200865951,0.8099086489984499,0.028181164629762875,0.0324591573516767,0.7793427230046946,1,0.375,0.0,0.0,0.0,0.0,1.0,0.0,0.0,0.0,0.0,0.0,0.0,1.0,-1.0
Startup_444,1.0,-0.010629085660921966,0.3244891918872686,-0.6677210639827462,0.4331470335339639,-0.5915492957746479,0,0.6875,0.0,0.0,1.0,0.0,0.0,0.0,0.0,1.0,0.0,0.0,0.0,0.0,0.0
Startup_445,0.0,0.14001188555904584,-0.014059659912745817,-0.7120057512580877,-0.8596302665520207,0.42462180490349505,0,0.5625,0.0,0.0,1.0,0.0,0.0,0.0,0.0,0.0,0.0,0.0,0.0,0.0,-1.0
Startup_446,-0.5,-0.996383394176076,-0.7334500512522093,-0.638006230529595,0.3501719690455718,0.7709963484611372,0,0.5,0.0,0.0,0.0,0.0,0.0,0.0,1.0,0.0,0.0,0.0,1.0,0.0,0.0
Startup_447,-1.0,-0.2516003056286612,-0.3322815343222585,-0.6044572250179726,-0.805030094582975,0.460093896713615,0,0.75,0.0,0.0,1.0,0.0,0.0,0.0,0.0,0.0,0.0,0.0,0.0,0.0,0.0
Startup_448,0.0,0.17689107734103077,0.3424818109002496,0.28794632159118144,0.3183576956147893,0.3891497130933751,0,0.125,0.0,0.0,0.0,0.0,1.0,0.0,0.0,0.0,0.0,0.0,1.0,0.0,-1.0
Startup_449,-0.5,0.15970795483487574,0.45899906859769607,0.4854061826024444,0.5724419604471195,0.5039123630672926,0,1.0,1.0,0.0,0.0,0.0,0.0,0.0,0.0,1.0,0.0,0.0,0.0,0.0,0.0
Startup_450,-0.5,0.5568214619237628,0.08208379945252943,0.08147615624251138,-0.047936371453138435,-0.09076682316118927,0,-0.1875,0.0,0.0,1.0,0.0,0.0,0.0,0.0,1.0,0.0,0.0,0.0,1.0,-1.0
Startup_451,0.5,0.27625435096357936,1.1214485061611343,0.6541097531751738,-0.40649183147033535,0.7543035993740219,0,-0.1875,0.0,0.0,0.0,0.0,0.0,1.0,0.0,0.0,0.0,1.0,0.0,0.0,-1.0
Startup_452,-1.0,0.9619492316835045,1.5669230113223067,0.9648693985142582,1.0604041272570937,-0.6311945748565466,1,0.8125,0.0,1.0,0.0,0.0,0.0,0.0,0.0,0.0,0.0,0.0,1.0,1.0,-1.0
Startup_453,-0.5,-0.47878427710331944,-0.2633142872431327,0.6368559789120536,0.4606620808254514,-0.7876890975482523,0,0.6875,0.0,0.0,1.0,0.0,0.0,0.0,0.0,0.0,0.0,0.0,1.0,0.0,0.0
Startup_454,0.0,-0.32556244163341547,-0.44424378326586095,0.3972202252576084,-0.3811263972484953,-0.4600938967136149,1,0.0,0.0,1.0,0.0,0.0,0.0,0.0,0.0,0.0,1.0,0.0,0.0,0.0,0.0
Startup_455,0.5,-0.27537142372018003,-0.5361532917630257,0.08626887131560028,0.5419174548581256,0.046948356807511846,0,-0.875,0.0,0.0,0.0,0.0,0.0,1.0,0.0,0.0,1.0,0.0,0.0,0.0,0.0
Startup_456,-1.0,-0.10863400967824098,-0.17712362233559573,-0.07399952072849268,0.9387360275150473,0.0031298904538342343,0,-0.0625,0.0,0.0,0.0,0.0,0.0,1.0,0.0,0.0,1.0,0.0,0.0,0.0,-1.0
Startup_457,1.0,0.6443670939808134,1.2023484046600212,-0.7720105439731607,-0.25859845227858985,0.6437141366718833,1,0.8125,0.0,1.0,0.0,0.0,0.0,0.0,0.0,0.0,0.0,0.0,0.0,0.0,-1.0
Startup_458,0.0,-0.5765175311995925,-0.5212909871359461,-0.1687035705727294,-0.5230008598452278,-0.21387584767866444,0,0.75,0.0,0.0,0.0,0.0,0.0,0.0,0.0,0.0,1.0,0.0,0.0,0.0,0.0
Startup_459,-0.5,0.5223193819509296,0.6582823737548555,0.8093937215432542,0.10812553740326741,-0.049034950443401025,0,-0.125,0.0,0.0,0.0,1.0,0.0,0.0,0.0,0.0,0.0,0.0,1.0,0.0,0.0
Startup_460,-0.5,-0.23170048391204687,0.13901806452260207,0.6138509465612269,0.0006448839208942391,-1.0234741784037555,1,0.5,0.0,0.0,0.0,0.0,0.0,0.0,1.0,0.0,0.0,0.0,0.0,0.0,0.0
Startup_461,0.0,0.16812972238729942,-0.29842330478928064,-0.5199137311286843,-0.9180997420464316,-0.20344287949921744,0,0.375,0.0,0.0,0.0,0.0,0.0,0.0,0.0,1.0,0.0,0.0,0.0,0.0,-1.0
Startup_462,-0.5,0.23054588674760165,0.6082307871101948,-0.04006709801102317,-0.6975494411006019,0.2869066249347939,0,0.5,0.0,0.0,0.0,0.0,0.0,0.0,0.0,0.0,0.0,1.0,0.0,0.0,0.0
Startup_463,0.5,-0.29771627472620765,-0.5099536305459822,0.6305295950155764,-0.69067067927773,-1.0193009911319768,0,-0.625,1.0,0.0,0.0,0.0,0.0,0.0,0.0,0.0,1.0,0.0,0.0,0.0,0.0
Startup_464,-1.0,-0.013413702351642716,0.6845355446195213,-0.8046010064701653,-0.21087704213241618,-0.470526864893062,0,0.3125,0.0,0.0,0.0,0.0,0.0,0.0,1.0,1.0,0.0,0.0,0.0,0.0,0.0
Startup_465,0.5,-0.21601154597164443,-0.08165572227155138,-0.19170860292355618,-0.5195614789337919,-0.6207616066770995,0,0.0,0.0,0.0,0.0,0.0,0.0,0.0,1.0,0.0,0.0,0.0,1.0,0.0,0.0
Startup_466,-0.5,-0.9154936751846506,-0.7495363890686477,0.6978193146417446,-0.805030094582975,-0.9629629629629629,0,0.0625,0.0,0.0,0.0,0.0,0.0,0.0,0.0,0.0,0.0,1.0,0.0,0.0,-1.0
Startup_467,1.0,-0.16690720774259268,-0.1928353926186785,-0.16007668344116932,-0.6919604471195185,-0.06155451225873759,1,-0.4375,0.0,0.0,1.0,0.0,0.0,0.0,0.0,1.0,0.0,0.0,0.0,0.0,0.0
Startup_468,-1.0,-0.8580354868834367,-0.6597605777704201,-0.7850467289719625,-0.7289337919174549,-0.6750130412102242,1,-0.4375,1.0,0.0,0.0,0.0,0.0,0.0,0.0,0.0,0.0,1.0,0.0,0.0,0.0
Startup_469,-1.0,-0.2323117412344002,0.16787314200289954,0.1054397316079559,0.4946259673258813,0.48513302034428796,1,-0.625,1.0,0.0,0.0,0.0,0.0,0.0,0.0,0.0,1.0,0.0,0.0,0.0,0.0
Startup_470,0.0,0.14992783767722231,0.6022042630467389,0.7167984663311766,0.4013327601031814,0.7000521648408973,1,0.625,0.0,0.0,0.0,0.0,0.0,1.0,0.0,0.0,0.0,0.0,1.0,0.0,0.0
Startup_471,0.0,0.12242125817132189,0.38624601394929625,0.19688473520249228,-0.5139724849527085,0.07616066770996352,1,1.0,0.0,0.0,0.0,0.0,1.0,0.0,0.0,0.0,0.0,1.0,0.0,0.0,0.0
Startup_472,1.0,0.29173953646319734,-0.24934826921372585,-0.500167745027558,0.9555030094582975,0.9775691184141888,0,-1.0,0.0,0.0,0.0,0.0,0.0,0.0,1.0,1.0,0.0,0.0,0.0,0.0,0.0
Startup_473,-1.0,-0.8623822056201715,-0.7241795048016547,-0.19765156961418634,-0.9662510748065348,-0.11997913406364114,1,-0.8125,0.0,0.0,0.0,0.0,0.0,0.0,0.0,0.0,1.0,0.0,0.0,1.0,-1.0
Startup_474,1.0,0.27034553018083035,-0.277480966451123,-0.0715073088904864,0.1734737747205503,0.009389671361502332,1,0.0,0.0,0.0,0.0,0.0,0.0,1.0,0.0,0.0,1.0,0.0,0.0,0.0,0.0
Startup_475,0.0,-0.42119025384158254,-0.19372499051039835,0.17579678888090106,-0.6717540842648323,0.9921752738654148,1,-0.8125,0.0,1.0,0.0,0.0,0.0,0.0,0.0,1.0,0.0,0.0,0.0,0.0,0.0
Startup_476,0.0,-0.2444689702012055,0.2679696265862685,0.5206805655403786,-0.8480223559759243,-0.572769953051643,0,0.5625,0.0,0.0,0.0,1.0,0.0,0.0,0.0,1.0,0.0,0.0,0.0,0.0,0.0
Startup_477,-1.0,0.6891247134731304,0.5953750942689494,-0.744212796549245,0.3097592433361995,0.8961919666145017,0,-0.8125,0.0,0.0,0.0,0.0,1.0,0.0,0.0,0.0,0.0,1.0,0.0,0.0,0.0
Startup_478,0.5,-1.0378130571355804,-0.8071930343816207,0.7702851665468489,-0.03546861564918315,-0.9629629629629629,0,-1.0,0.0,0.0,0.0,0.0,1.0,0.0,0.0,0.0,0.0,0.0,0.0,1.0,-1.0
Startup_479,-0.5,0.14075897784192204,0.32846897192917335,-0.9100407380781212,-1.0681427343078247,-0.12832550860719877,1,-0.625,0.0,0.0,0.0,0.0,1.0,0.0,0.0,0.0,1.0,0.0,0.0,0.0,0.0
Startup_480,0.0,0.16167756176245868,0.7146079665832251,-0.22487419122933136,0.014402407566638005,-0.9066249347939488,0,0.8125,1.0,0.0,0.0,0.0,0.0,0.0,0.0,0.0,0.0,1.0,0.0,0.0,0.0
Startup_481,0.0,-0.2492911112997708,0.13186783785907905,-0.8810927390366641,0.40047291487532244,0.45592070944183627,1,-0.5,0.0,1.0,0.0,0.0,0.0,0.0,0.0,1.0,0.0,0.0,0.0,0.0,-1.0
Startup_482,0.5,-0.5740045844299178,-0.16850856906841372,-0.18097292115983699,-0.2031384350816853,0.205529473135107,0,-0.5625,0.0,0.0,0.0,0.0,1.0,0.0,0.0,0.0,0.0,1.0,0.0,0.0,0.0
Startup_483,0.5,-0.5788267255284829,-0.5178396148643112,0.07342439491972212,0.9021926053310404,0.4100156494522691,0,0.4375,0.0,1.0,0.0,0.0,0.0,0.0,0.0,1.0,0.0,0.0,0.0,1.0,-1.0
Startup_484,1.0,0.7414211732744718,0.12715230016236842,0.04639348190750063,0.7697764402407566,-0.2764736567553468,0,0.125,0.0,0.0,1.0,0.0,0.0,0.0,0.0,0.0,0.0,0.0,1.0,0.0,0.0
Startup_485,1.0,-0.1569912556244164,0.387356339137458,-0.6163431583992331,0.5053740326741186,-0.2869066249347939,0,0.625,0.0,0.0,0.0,0.0,1.0,0.0,0.0,1.0,0.0,0.0,0.0,0.0,0.0
Startup_486,-0.5,-0.38308854741489096,-0.0922105002650399,0.3030913012221424,0.5070937231298366,-0.9567031820552946,0,0.9375,0.0,0.0,0.0,1.0,0.0,0.0,0.0,1.0,0.0,0.0,0.0,0.0,0.0
Startup_487,-0.5,-0.1432719246115969,-0.21034642480305935,-0.847927150730889,0.133061049011178,-0.3286384976525821,0,-0.1875,0.0,1.0,0.0,0.0,0.0,0.0,0.0,1.0,0.0,0.0,0.0,0.0,0.0
Startup_488,-1.0,0.30545886747601664,0.7830668720099394,0.5254732806134674,-1.0346087704213243,0.8690662493479396,1,0.0625,0.0,1.0,0.0,0.0,0.0,0.0,0.0,0.0,0.0,0.0,0.0,0.0,0.0
Startup_489,1.0,-0.7596909754648102,-0.4403041354596729,0.8793673616103523,0.2680567497850387,-0.26812728221178916,0,0.6875,0.0,0.0,0.0,1.0,0.0,0.0,0.0,1.0,0.0,0.0,0.0,0.0,0.0
Startup_490,0.0,-0.14191357500636714,0.12028299914886226,-0.2829618979151689,0.748280309544282,0.6666666666666666,0,0.75,0.0,0.0,0.0,0.0,1.0,0.0,0.0,0.0,1.0,0.0,0.0,0.0,0.0
Startup_491,1.0,0.13967229815773835,0.5114519006794054,0.056937455068296304,-0.010103181427343079,0.6896191966614501,1,-0.0625,0.0,0.0,0.0,1.0,0.0,0.0,0.0,0.0,1.0,0.0,0.0,0.0,0.0
Startup_492,0.0,0.8733848374225319,0.6105517680758097,-0.20800383417205837,0.484737747205503,-0.2785602503912363,1,0.875,0.0,1.0,0.0,0.0,0.0,0.0,0.0,0.0,0.0,1.0,0.0,0.0,0.0
Startup_493,0.5,-0.5424908735885899,-0.3358131710653269,-0.9207764198418402,-0.367798796216681,0.25560772039645285,1,-0.8125,0.0,0.0,0.0,1.0,0.0,0.0,0.0,0.0,0.0,0.0,0.0,0.0,-1.0
Startup_494,1.0,-0.325358689192631,-0.14604120577302204,-0.1945842319674095,0.46926053310404126,-0.8544600938967135,0,0.0,0.0,1.0,0.0,0.0,0.0,0.0,0.0,0.0,0.0,1.0,0.0,0.0,0.0
Startup_495,0.5,-0.2844723660752186,0.18803959045053456,0.5826024442846872,0.6524075666380051,-0.8356807511737088,1,0.5625,0.0,1.0,0.0,0.0,0.0,0.0,0.0,0.0,1.0,0.0,0.0,1.0,-1.0
Startup_496,-0.5,0.17560064521606264,0.7732612290831624,0.20781212556913498,0.35877042132416165,-0.9504434011476264,1,-0.8125,0.0,0.0,1.0,0.0,0.0,0.0,0.0,0.0,1.0,0.0,0.0,0.0,0.0
Startup_497,-0.5,-0.33052041769250357,0.11504574238783458,-0.7396117900790797,-0.11758383490971624,0.14919144496609282,0,0.8125,0.0,0.0,0.0,0.0,0.0,0.0,0.0,0.0,0.0,0.0,1.0,0.0,0.0
Startup_498,-1.0,0.029102640292045144,-0.48191457519192404,0.6888090103043375,-0.11801375752364575,-0.17005738132498685,0,0.8125,0.0,1.0,0.0,0.0,0.0,0.0,0.0,1.0,0.0,0.0,0.0,0.0,0.0
Startup_499,1.0,0.5341370235164277,1.0648018554470313,0.0835849508746705,1.064273430782459,0.0824204486176318,0,0.3125,0.0,0.0,0.0,0.0,1.0,0.0,0.0,0.0,1.0,0.0,0.0,0.0,0.0
Startup_500,0.5,0.37867391119789456,0.8966812313238789,0.6784567457464654,-0.05266552020636286,0.026082420448617628,0,-0.375,0.0,0.0,0.0,0.0,0.0,1.0,0.0,0.0,0.0,1.0,0.0,0.0,0.0
